title,company,location,link
Senior DevOps Engineer (f/m/x),PPRO,"München, Germany",https://stackoverflow.com/jobs/565334
Data Architect mit einem Flair für AI,ti&m AG,"Zürich, Schweiz",https://stackoverflow.com/jobs/522399
DevOps- Engineer (m/w/d),Volume Graphics GmbH,"Heidelberg, Deutschland",https://stackoverflow.com/jobs/545615
"Cloud Engineer (Azure, Google Cloud Platform, AWS)",ti&m AG,"Bern, Schweiz",https://stackoverflow.com/jobs/522337
Cloud Data Architect mit Flair für AI,ti&m AG,"Bern, Schweiz",https://stackoverflow.com/jobs/522336
"Cloud Engineer (Azure, Google Cloud Platform, AWS)",ti&m AG,"Zürich, Schweiz",https://stackoverflow.com/jobs/522303
Experienced Data Engineer,Accenture Romania,"Bucharest, Romania",https://stackoverflow.com/jobs/525561
"Engineering Experience, Senior Software Engineer (Remote)",Hotjar,No office location,https://stackoverflow.com/jobs/528857
Software Engineer - Robotics (m/f/d),Motius GmbH,"München, Deutschland",https://stackoverflow.com/jobs/545488
"Senior Developer for Cloud Technologies (Kafka, Flink, Terraform)",reeeliance IM GmbH,"Hamburg, Deutschland",https://stackoverflow.com/jobs/517848
"Junior Developer for Cloud Technologies (Kafka, Flink, Terraform)",reeeliance IM GmbH,"Hamburg, Deutschland",https://stackoverflow.com/jobs/516858
Software Development Engineer in Test,Intel Corporation,"Bengaluru, India",https://stackoverflow.com/jobs/539336
Senior Software Engineer,Intel Corporation,"Bengaluru, India",https://stackoverflow.com/jobs/539300
Edge AI Deep Learning Validation Engineer,Intel Corporation,"Bengaluru, India",https://stackoverflow.com/jobs/539297
Full Stack Lead/Architect (Sr. Deep Learning R and D Engineer),Intel Corporation,"Bengaluru, India",https://stackoverflow.com/jobs/539294
Graphics SRIOV Virtualization Developer,Intel Corporation,"Bengaluru, India",https://stackoverflow.com/jobs/539293
Python Software Engineer,Captivation Software,"Fort Meade, MD",https://stackoverflow.com/jobs/525426
Senior DevOps Engineer,Ascensus,No office location,https://stackoverflow.com/jobs/525432
Software Defined Radio Developer,Captivation Software,"Aberdeen Proving Ground, MD",https://stackoverflow.com/jobs/316048
Python Software Engineer (Quant Trading Firm),"Old Mission Capital, LLC","Chicago, IL",https://stackoverflow.com/jobs/528807
C++ Software Engineer,"Old Mission Capital, LLC","Chicago, IL",https://stackoverflow.com/jobs/528806
DevOps Engineer (m/w/d),CIS Solutions GmbH,"Ismaning, Deutschland",https://stackoverflow.com/jobs/371069
Senior Software Engineer,Avature,No office location,https://stackoverflow.com/jobs/565333
"Backend Software Engineer, DevOps",Avature,No office location,https://stackoverflow.com/jobs/565332
Junior Systems Engineer – Entwicklung und Test vernetzter Funktionen,IAV GmbH,"Gaimersheim, Deutschland",https://stackoverflow.com/jobs/566464
Software Developer (Python),Picnic,"Amsterdam, Netherlands",https://stackoverflow.com/jobs/292346
Systems Engineer – Entwicklung und Test vernetzter Funktionen,IAV GmbH,"Gaimersheim, Deutschland",https://stackoverflow.com/jobs/566463
"Sr. Software Engineer, Machine Learning Infrastructure",Chan Zuckerberg Initiative,"Redwood City, CA",https://stackoverflow.com/jobs/565330
Network Software Engineer,Intel Corporation,"Bengaluru, India",https://stackoverflow.com/jobs/539257
Software Engineering Manager,Intel Corporation,"Bengaluru, India",https://stackoverflow.com/jobs/539256
(Senior) Full-Stack Web Developer - React | Typescript | Python | Kubernetes,Dynatrace,"Wien, Austria",https://stackoverflow.com/jobs/559763
Principal Java Engineer,Picnic,"Amsterdam, Netherlands",https://stackoverflow.com/jobs/559762
DevOps Engineer,Picnic,"Amsterdam, Netherlands",https://stackoverflow.com/jobs/166839
AI Solutions Architect,Intel Corporation,"Bengaluru, India",https://stackoverflow.com/jobs/539246
Senior DevOps Engineer,AIR MILES,"Toronto, ON, Canada",https://stackoverflow.com/jobs/539243
Software Engineer - Networking Applications,Intel Corporation,"Bengaluru, India",https://stackoverflow.com/jobs/539242
Senior Python/Django Full-stack Developer,Apicbase Belgium,No office location,https://stackoverflow.com/jobs/545356
Application Support Engineer,Derivco.,"Málaga, Spain",https://stackoverflow.com/jobs/565319
Software Engineer Java (m/w/d),SCHUFA Holding AG,No office location,https://stackoverflow.com/jobs/566457
Softwareentwickler* HiL und Prüfstände,EDAG Group,"Ingolstadt, Deutschland",https://stackoverflow.com/jobs/566456
Web Systems Engineer - HPC Products,DUG Technology,"West Perth, Australia",https://stackoverflow.com/jobs/528138
Front End Software Engineer – HPC Products,DUG Technology,"West Perth, Australia",https://stackoverflow.com/jobs/528137
Scientific Applications Developer,DownUnder GeoSolutions Pty Ltd,"West Perth, Australia",https://stackoverflow.com/jobs/352726
Senior Software Engineer - tripleup.com,Triple for Numo,"Pittsburgh, PA",https://stackoverflow.com/jobs/545291
Product Engineer I - Real Time & Big Data,Esri,"Redlands, CA",https://stackoverflow.com/jobs/566044
Qt C++ SDK Software Development Engineer,Esri,"Redlands, CA",https://stackoverflow.com/jobs/561049
DevOps Engineer,Esri,"Redlands, CA",https://stackoverflow.com/jobs/566039
Site Reliability Engineer- ArcGIS Online,Esri,"Redlands, CA",https://stackoverflow.com/jobs/552702
Process Engineering Graduate Intern,Intel Corporation,"Albuquerque, NM",https://stackoverflow.com/jobs/531835
Process Engineering Graduate Intern,Intel Corporation,"Albuquerque, NM",https://stackoverflow.com/jobs/531834
"Senior Developer (React, Node.js) (m/f/d)",Ziegert EverEstate GmbH,"Berlin, Deutschland",https://stackoverflow.com/jobs/394267
Software Engineer in Test,Esri,"Redlands, CA",https://stackoverflow.com/jobs/561053
Cloud Field Engineer - Americas,Canonical,No office location,https://stackoverflow.com/jobs/566035
Infrastructure Engineer,Catawiki,"Amsterdam, Netherlands",https://stackoverflow.com/jobs/566030
Data Engineer (m/w/d) | The Garage,Deloitte Deutschland,"Düsseldorf, Deutschland",https://stackoverflow.com/jobs/545256
(Senior) Backend Engineer (m/w/d) - Trufa,Deloitte Deutschland,"Düsseldorf, Deutschland",https://stackoverflow.com/jobs/545254
DevOps Engineer (m/w/d) | The Garage,Deloitte Deutschland,"Düsseldorf, Deutschland",https://stackoverflow.com/jobs/545252
"Experienced DevOps Consultant, GitLab/GitHub",Eficode Finland,"Helsinki, Finland",https://stackoverflow.com/jobs/559636
Site Reliability Engineering Lead (Remote),Hotjar,No office location,https://stackoverflow.com/jobs/545198
Platform Engineer,Octopus Energy,"Houston, TX",https://stackoverflow.com/jobs/531787
Full Stack Developer (m/f/d) – Product Team,Boehringer Ingelheim,"Wien, Österreich",https://stackoverflow.com/jobs/566017
Full-Stack Software Engineer (C# + .NET 6 / React + Typescript) (f/m/d),HeidelbergCement AG,"Heidelberg, Deutschland",https://stackoverflow.com/jobs/559624
Junior Backend Engineer (m/f/d),Relayr,"Katowice, Poland",https://stackoverflow.com/jobs/551592
Machine Learning Technical Lead - E-commerce Risk Management,ByteDance,Singapore,https://stackoverflow.com/jobs/525174
Applied Researcher 1 - Ads,eBay,"San Francisco, CA",https://stackoverflow.com/jobs/566005
Senior Test Automation Engineer (f/m/d),Evotec SE,"Göttingen, Germany",https://stackoverflow.com/jobs/561035
"Software Developers for our offices in Berlin, Hamburg, Göttingen or Abingdon",Evotec SE,"Hamburg, Germany",https://stackoverflow.com/jobs/524299
"Senior Software Developer/Team Leader in Berlin, Hamburg, Göttingen or Abingdon",Evotec SE,"Berlin, Germany",https://stackoverflow.com/jobs/550234
Senior React Developer | Contractor | Remote,Copado Strategic Services,No office location,https://stackoverflow.com/jobs/545086
Hyperscale Cloud Developer Advocate,Intel Corporation,"Hillsboro, OR",https://stackoverflow.com/jobs/528557
Cloud Software Performance Engineer,Intel Corporation,"Hillsboro, OR",https://stackoverflow.com/jobs/528554
Software-Entwickler/-innen (m/w/d) als Referentinnen/Referenten,Bundesamt für Verfassungsschutz,"Köln, Deutschland",https://stackoverflow.com/jobs/564679
Senior Software Engineer - App Store APIs,Canonical,No office location,https://stackoverflow.com/jobs/551466
Backend developer (Python/Django) with a passion for open source,5 Monkeys Agency ABvia5 Monkeys Agency AB,"Stockholm, Sweden",https://stackoverflow.com/jobs/565994
Backend developer (Python/Django) with a passion for open source,5 Monkeys Agency ABvia5 Monkeys Agency AB,"Göteborg, Sweden",https://stackoverflow.com/jobs/565993
"Python Software Engineer, Commercial Systems",Canonical,No office location,https://stackoverflow.com/jobs/566450
Senior Data Engineer - Recommendations (f/m/d),Delivery Hero SE,"Berlin, Germany",https://stackoverflow.com/jobs/565991
Test Automation Engineer,AE nv/sa,"Dilbeek, Belgium",https://stackoverflow.com/jobs/525138
Software Development Engineer in Test,"ESO Solutions, Inc.","Belfast, UK",https://stackoverflow.com/jobs/528503
Lead/Senior Software Engineer (Python/Django),Sector Labs,"Dubai, United Arab Emirates",https://stackoverflow.com/jobs/551454
Software Engineer – React,LifeOmic,"Indianapolis, IN",https://stackoverflow.com/jobs/519007
"Senior Software Engineer – AWS, NodeJS, Serverless",LifeOmic,"Indianapolis, IN",https://stackoverflow.com/jobs/519002
C++ Software Engineer (100% remote),Percona Staffing LLC,No office location,https://stackoverflow.com/jobs/565985
"Software Developer, Security",Hotjar,No office location,https://stackoverflow.com/jobs/544779
Machine Learning Engineer (m/f/x),ING Deutschland,"Frankfurt am Main, Deutschland",https://stackoverflow.com/jobs/565982
Développeur Elm/Typescript React/Angular (F/H),Thegreendata,"Paris, France",https://stackoverflow.com/jobs/528472
Test Engineer Connected Car (m/w/d),Pixida GmbH,"München, Deutschland",https://stackoverflow.com/jobs/564480
HPC Engineering Manager - Python & Linux,Canonical,No office location,https://stackoverflow.com/jobs/565980
"Software Engineer, Platform Infrastructure",SmartNews,"Shibuya City, Japan",https://stackoverflow.com/jobs/448299
"Software Engineer, Backend",SmartNews,"Shibuya City, Japan",https://stackoverflow.com/jobs/208334
"Software Engineer, Infrastructure, Education",Chan Zuckerberg Initiative,"Redwood City, CA",https://stackoverflow.com/jobs/565977
"Senior Data Engineer, Education",Chan Zuckerberg Initiative,"Redwood City, CA",https://stackoverflow.com/jobs/565328
"Systems Engineering, Analyst",MUFG,"Charlotte, NC",https://stackoverflow.com/jobs/559441
Sr. Software Engineer (Full stack Java),MUFG,"Charlotte, NC",https://stackoverflow.com/jobs/559425
Sr. Application Security Engineer,MUFG,"New York, NY",https://stackoverflow.com/jobs/559422
"Software Engineering, Analyst",MUFG,"Charlotte, NC",https://stackoverflow.com/jobs/559440
"Software Engineer, AVP",MUFG,"Charlotte, NC",https://stackoverflow.com/jobs/559429
Software Engineer,MUFG,"Charlotte, NC",https://stackoverflow.com/jobs/559421
Senior DevSecOps Engineer - REMOTE,MUFG,No office location,https://stackoverflow.com/jobs/559426
Senior DevSecOps Engineer - REMOTE,MUFG,No office location,https://stackoverflow.com/jobs/559433
Tech Lead Engineering at sustainable start-up (m/f/x) - Munich/Remote,FINN,"München, Germany",https://stackoverflow.com/jobs/541678
Senior DevSecOps Engineer - Remote,MUFG,No office location,https://stackoverflow.com/jobs/559427
Senior Cloud Security Engineer,MUFG,"Charlotte, NC",https://stackoverflow.com/jobs/559434
"Full-Stack Developer (JavaScript, Node.JS) - REMOTE",MUFG,No office location,https://stackoverflow.com/jobs/559442
"Container Platform Engineer, Vice President",MUFG,No office location,https://stackoverflow.com/jobs/559420
"Cloud Engineer, AVP -Remote",MUFG,No office location,https://stackoverflow.com/jobs/559428
Full Stack Engineer (Mid-level - Python/JavaScript),Night Market,No office location,https://stackoverflow.com/jobs/566449
Senior Security Engineer - REMOTE,MUFG,No office location,https://stackoverflow.com/jobs/559444
Senior Full Stack Engineer (Python/JavaScript),Night Market,No office location,https://stackoverflow.com/jobs/566448
Head of Shipping Data Science (ML),eBay,"Bellevue, WA",https://stackoverflow.com/jobs/565971
"Director, Shipping Science",eBay,"Bellevue, WA",https://stackoverflow.com/jobs/565970
Senior Ruby on Rails developer,Marketer Technologies AS,"Oslo, Norway",https://stackoverflow.com/jobs/518196
Senior Front-end Developer with React.js,Marketer Technologies AS,"Oslo, Norway",https://stackoverflow.com/jobs/541502
"Senior Software Engineer, Backend - Landscape",Canonical,No office location,https://stackoverflow.com/jobs/551337
Senior Data Engineer (m/f/d),Motius GmbH,"Belgrad, Serbien",https://stackoverflow.com/jobs/566447
Backend Engineer - all levels at sustainable start-up (m/f/x)-Munich or Remote,FINN,"München, Germany",https://stackoverflow.com/jobs/331741
Women in Tech - all levels - at sustainable start-up (f/x) - Munich or Remote,FINN,No office location,https://stackoverflow.com/jobs/565648
Platform Engineer,SUSE,No office location,https://stackoverflow.com/jobs/555636
Senior Client Side Developer (m/w/d),Basler AG,"Hamburg, Deutschland",https://stackoverflow.com/jobs/566446
Data Infrastructure Engineer,eyeo GmbH,No office location,https://stackoverflow.com/jobs/558039
Lead Software Engineer - Python Focus Big Loop Systems (m/f/d),CARIAD,"Ingolstadt, Germany",https://stackoverflow.com/jobs/566377
DevOps Engineer (Remote),Eterlast,"Barcelona, Spain",https://stackoverflow.com/jobs/563090
"Senior Support Engineer, atma.io",atma.io,"Zagreb, Croatia",https://stackoverflow.com/jobs/566442
Senior Software Engineer (Python),HENNGE K.K.,"Tokyo, Japan",https://stackoverflow.com/jobs/555511
Senior Software Engineer (Go),HENNGE K.K.,"Tokyo, Japan",https://stackoverflow.com/jobs/555512
Head of Engineering (m/f/d),VEACT GmbH,"München, Deutschland",https://stackoverflow.com/jobs/538334
Remote Sr. Frontend Architect (React) - Spekit - High Growth Series B Startup,SpekitviaSource Coders,No office location,https://stackoverflow.com/jobs/566439
Senior Fullstack Engineer (Python/Django/React)- #12 of Top-100 Marketplaces,StyleSeat,No office location,https://stackoverflow.com/jobs/561047
Public Cloud Consultant,Canonical,No office location,https://stackoverflow.com/jobs/551198
Software Engineer Frontend/Fullstack - Media & Services Hub (m/f/d),HolidayCheck Group AG,"München, Deutschland",https://stackoverflow.com/jobs/559404
Ubuntu on WSL Software Engineer,Canonical,No office location,https://stackoverflow.com/jobs/566436
Senior Software Engineer Fullstack Java (m/w/d),SCHUFA Holding AG,"Wiesbaden, Deutschland",https://stackoverflow.com/jobs/566435
Full-Stack Technical Lead,SSENSE,"Montreal, QC, Canada",https://stackoverflow.com/jobs/521742
Analytics Engineer,Slido,"Bratislava, Slovakia",https://stackoverflow.com/jobs/555451
Full-Stack Technical Lead,SSENSE,"Austin, TX",https://stackoverflow.com/jobs/521737
"Engineering Director, Community",Canonical,No office location,https://stackoverflow.com/jobs/483511
Kubernetes Engineering Manager,Canonical,No office location,https://stackoverflow.com/jobs/551186
"Senior Data Engineer (Python, Kafka, Airflow)",AMBOSS,"Berlin, Germany",https://stackoverflow.com/jobs/415218
Data Engineer,AudioValley,"Anderlecht, Belgium",https://stackoverflow.com/jobs/559308
System Administrator,AudioValley,"Anderlecht, Belgium",https://stackoverflow.com/jobs/559307
Backend Developer,AudioValley,"Paris, France",https://stackoverflow.com/jobs/518186
Senior Security Analyst (d/m/w) Schwerpunkt IDS und Bedrohungsanalyse,DEVK Versicherungen,"Köln, Deutschland",https://stackoverflow.com/jobs/524954
Senior Software Developer Python (m/f/d),Ströer Online Marketing,"Hamburg, Deutschland",https://stackoverflow.com/jobs/462625
Senior Backend Developer (m/f/d),Enote GmbH,"Berlin, Deutschland",https://stackoverflow.com/jobs/565938
Embedded Linux Consulting Engineering Director,Canonical,No office location,https://stackoverflow.com/jobs/562923
Mobile APP Developers - Leading Electronics Company,Pyronix,"Doncaster, UK",https://stackoverflow.com/jobs/524940
Data Engineer,CGI Suomi,"Helsinki, Finland",https://stackoverflow.com/jobs/559232
Software Engineer (HVM),Intel Corporation,"Kulim, Malaysia",https://stackoverflow.com/jobs/538188
Senior Android Engineer,Livefront,"Minneapolis, MN",https://stackoverflow.com/jobs/521510
Sr. Test Engineer,Rain Bird Corporation,"Tucson, AZ",https://stackoverflow.com/jobs/555341
Remote Staff Site Reliability Engineer - Leading Distributed Cloud Service,Platform9viaSource Coders,"Mountain View, CA",https://stackoverflow.com/jobs/566404
Software Engineer - Python - Optimise Ubuntu for Public Clouds,Canonical,No office location,https://stackoverflow.com/jobs/561738
Senior Software Engineer,Stardog Union,No office location,https://stackoverflow.com/jobs/521448
Technical Success Manager,SignalWire,No office location,https://stackoverflow.com/jobs/566416
Engineering Manager,AMBOSS,"Berlin, Germany",https://stackoverflow.com/jobs/524863
DevOps Engineer @ Nozomi Networks,Nozomi Networks,"Mendrisio, Switzerland",https://stackoverflow.com/jobs/555314
Senior iOS Developer,Marks & Spencer,"London, UK",https://stackoverflow.com/jobs/530984
Full-Stack Software Engineer,Marks & Spencer,"London, UK",https://stackoverflow.com/jobs/530982
SRE Lead,Electrolux,"Stockholm, Sweden",https://stackoverflow.com/jobs/559156
(Senior) DevOps Engineer (all genders),Elinvar GmbH,"Berlin, Germany",https://stackoverflow.com/jobs/549092
Senior Security Engineer,IG Group,"London, UK",https://stackoverflow.com/jobs/555193
Data Engineer – Data Warehouse,Shopee Singapore Private Limited,Singapore,https://stackoverflow.com/jobs/565914
Backend Engineer,Passio Inc.,No office location,https://stackoverflow.com/jobs/555177
DevOps Manager/Architect,Self Decode,No office location,https://stackoverflow.com/jobs/566409
Data Science - Engineering Manager,Belvo Technologies,No office location,https://stackoverflow.com/jobs/559029
Associate Field Software Engineer - EMEA,Canonical,No office location,https://stackoverflow.com/jobs/471550
Sr. Software Engineer - MobileCoin (Unicorn Startup): Crypto Payments Platform,MobileCoinviaSource Coders,No office location,https://stackoverflow.com/jobs/566405
Lead Data & Integration Engineer (HProduce) (f/m/d),HeidelbergCement AG,"Heidelberg, Deutschland",https://stackoverflow.com/jobs/537895
Data Corn (m/w/d),Breuninger GmbH & Co.,"Stuttgart, Deutschland",https://stackoverflow.com/jobs/432950
"Senior Software Engineer, Embedded Systems (m/f/d)",tado GmbH,No office location,https://stackoverflow.com/jobs/566398
Lead DevOps / SRE Engineer (f/m/d),HeidelbergCement AG,"Heidelberg, Deutschland",https://stackoverflow.com/jobs/555118
Information Security Manager (m/w/d),ABOUT YOU SE & Co. KG,"Hamburg, Deutschland",https://stackoverflow.com/jobs/566395
DevOps / SRE Engineer (f/m/d),HeidelbergCement AG,"Heidelberg, Deutschland",https://stackoverflow.com/jobs/555115
Senior DevOps Engineer,Supermetrics Oy,No office location,https://stackoverflow.com/jobs/559002
QA Analyst (H/F),ENGIE Digital,"Paris, France",https://stackoverflow.com/jobs/528279
"Lead Software Engineer, atma.io",atma.io,No office location,https://stackoverflow.com/jobs/566393
Gruppchef inom data science,Säkerhetspolisen,"Stockholm, Sweden",https://stackoverflow.com/jobs/558998
DevOps Engineer  (Jede*r),tarent solutions GmbH,No office location,https://stackoverflow.com/jobs/555101
Kubernetes Administrator,CYBERTEC PostgreSQL International GmbH,No office location,https://stackoverflow.com/jobs/558995
Linux Kernel Engineer,Canonical,"Taipei, Taiwan",https://stackoverflow.com/jobs/454598
Linux Kernel Engineer,Canonical,No office location,https://stackoverflow.com/jobs/544576
"Senior Software Engineer, Infrastructure, Education",Chan Zuckerberg Initiative,"Redwood City, CA",https://stackoverflow.com/jobs/537683
"Senior Software Engineer, Trust, Education",Chan Zuckerberg Initiative,"Redwood City, CA",https://stackoverflow.com/jobs/537679
Experienced Software Engineer,Outschool,No office location,https://stackoverflow.com/jobs/550915
Fully Remote Senior or Staff Software Engineer - Platform9,Platform9viaSource Coders,"Mountain View, CA",https://stackoverflow.com/jobs/566389
IT System Administrator / DevOps (f/m/x),ImFusion GmbH,"München, Deutschland",https://stackoverflow.com/jobs/562665
Research Scientist with focus on Interventional Ultrasound (f/m/x),ImFusion GmbH,"München, Deutschland",https://stackoverflow.com/jobs/562664
Senior C++ Software Developer,Topic Embedded Systems B.V.,"Best, Netherlands",https://stackoverflow.com/jobs/566387
Software Design Engineer C#,Topic Embedded Systems B.V.,"Best, Netherlands",https://stackoverflow.com/jobs/566386
"IoT / Java, Python Entwickler (w/m/d) - bundesweit & Homeoffice",objective partner AG,"Weinheim, Deutschland",https://stackoverflow.com/jobs/550882
DevOps Engineer (w/m/d) - bundesweit & Homeoffice,objective partner AG,"Weinheim, Deutschland",https://stackoverflow.com/jobs/550881
"Senior Python Software Developer (m/f/d) @ our Partner ADSPERT (Berlin, remote)",solute GmbH,"Berlin, Deutschland",https://stackoverflow.com/jobs/547853
Staff Software Engineer – GPU-Computing Machine Learning (m/f/d),CARIAD,"Wolfsburg, Germany",https://stackoverflow.com/jobs/566378
Automation Developer - Operations,MHR,"Ruddington, UK",https://stackoverflow.com/jobs/544506
Software Engineer (Python AWS),Wizeline,"Phường 12 (Quận 10), Vietnam",https://stackoverflow.com/jobs/487852
Linux Cloud Consultant - Americas,Canonical,No office location,https://stackoverflow.com/jobs/562585
"Senior .Net Developer for ML, Computer Vision and Python Algorithm development",MapLarge,No office location,https://stackoverflow.com/jobs/165235
Software Systems Engineer (80%-100%),Open Systems AG,"Zürich, Switzerland",https://stackoverflow.com/jobs/550751
Senior Backend Engineer,Omnivore Technologies,No office location,https://stackoverflow.com/jobs/558774
Cyber Mitigations Analyst/System Vulnerability Analyst - Entry to Expert Level,National Security Agency,"Fort Meade, MD",https://stackoverflow.com/jobs/565898
Software Entwickler (m/w/d),NOVOMATIC AG,"Gumpoldskirchen, Österreich",https://stackoverflow.com/jobs/554829
Computer Scientist - Development Programs - Entry/ Mid-Level,National Security Agency,"Fort Meade, MD",https://stackoverflow.com/jobs/565896
Senior DevOps Engineer,Supermetrics Oy,No office location,https://stackoverflow.com/jobs/565891
Senior Full Stack Software Engineer,kaliber.ai,"San Francisco, CA",https://stackoverflow.com/jobs/251476
Senior Android Developer,Marks & Spencer,"London, UK",https://stackoverflow.com/jobs/530799
Senior Software Engineer (Java)- Database Services,Mimecast,"London, UK",https://stackoverflow.com/jobs/558741
Senior Software Engineer (Java) – Analytics & Data Infrastructure Team,Mimecast,"London, UK",https://stackoverflow.com/jobs/558740
Senior Software Engineer - Data Lake,Mimecast,"London, UK",https://stackoverflow.com/jobs/558739
"Full Stack Developer, Automation Engine",Elisa Polystar,"Helsinki, Finland",https://stackoverflow.com/jobs/558730
Lead Data Scientist,Singapore Innovate Pte. Ltd,Singapore,https://stackoverflow.com/jobs/565885
"Lead Engineer – SRE, Automation",LMAX Group,"London, UK",https://stackoverflow.com/jobs/544001
Senior Software Engineer,ZAIKO K.K.,"Minato City, Japan",https://stackoverflow.com/jobs/524414
"Senior Manager of Software Engineering, Data Platform (Remote Eligible)",Flyr Inc,"Los Angeles, CA",https://stackoverflow.com/jobs/530715
Software Engineer (Network Software),SpaceX,"Hawthorne, CA",https://stackoverflow.com/jobs/562442
Sr. Software Engineer,SpaceX,"Hawthorne, CA",https://stackoverflow.com/jobs/562441
Sr. DevOps Engineer,SpaceX,"Hawthorne, CA",https://stackoverflow.com/jobs/562440
QA Devops Engineer - Open Source Database Solutions (remote),Percona Staffing LLC,No office location,https://stackoverflow.com/jobs/562423
Senior Backend Architect (m/f/d),Motius GmbH,"München, Deutschland",https://stackoverflow.com/jobs/565858
Scala Engineer,Snowplow Analytics,No office location,https://stackoverflow.com/jobs/562416
"Software Engineering Manager, Seattle WA",MSCI,"Seattle, WA",https://stackoverflow.com/jobs/565855
Software Engineer - Machine Learning Team (Python/C++) (m/w/d),Volume Graphics GmbH,"Heidelberg, Deutschland",https://stackoverflow.com/jobs/550558
Senior DevOps Engineer (Remote),Slido,No office location,https://stackoverflow.com/jobs/519933
Senior DevOps Engineer (m/f/d) for Supply Chain Cloud Solutions,SupplyOn AG,"Dresden, Deutschland",https://stackoverflow.com/jobs/513203
Integration App Product Engineer,SyncSmart.io (by LyntonWeb.com),No office location,https://stackoverflow.com/jobs/519804
Software Engineer,Intel Corporation,"Hillsboro, OR",https://stackoverflow.com/jobs/530570
Forensic Software/Web Developer (Entry and Mid Levels) - OCONUS Deployable,"Cipher Tech Solutions, Inc","Tampa, FL",https://stackoverflow.com/jobs/562286
Sustaining Operations Engineer,Canonical,No office location,https://stackoverflow.com/jobs/566371
"Senior Software Engineer, Integration QA, Python",Canonical,No office location,https://stackoverflow.com/jobs/519661
Senior Software Engineer - Material Analysis Team (C++) (m/w/d),Volume Graphics GmbH,"Heidelberg, Deutschland",https://stackoverflow.com/jobs/163095
CDI -  Senior Developper - Rennes,Steeple,"Rennes, France",https://stackoverflow.com/jobs/530505
(Junior) Softwareentwickler - Java / Golang / Cloud - (w/m/d),GoCaspi GmbH,No office location,https://stackoverflow.com/jobs/566363
Senior DevOps Engineer (Nordic or Germany),Nets Group,"Helsingfors, Finland",https://stackoverflow.com/jobs/565836
"Site Reliability Engineer, Kubernetes",camunda,No office location,https://stackoverflow.com/jobs/550386
"Software Engineering Manager - Selection Domain, Core Order (w/m/d)",Delivery Hero SE,"Berlin, Germany",https://stackoverflow.com/jobs/562276
Web Developer,Helmholtz-Zentrum hereon GmbH,"Geesthacht, Deutschland",https://stackoverflow.com/jobs/566360
Sr. Signal Integrity Engineer,Intel Corporation,"Shanghai, China",https://stackoverflow.com/jobs/543848
Graphics Software Engineer,Intel Corporation,"Shanghai, China",https://stackoverflow.com/jobs/543846
Deep Learning System Frameworks Engineer,Intel Corporation,"Shanghai, China",https://stackoverflow.com/jobs/543845
"DevOps Engineer, Cloud Data Warehouse",ByteDance,Singapore,https://stackoverflow.com/jobs/550284
Cloud Software Engineer,Intel Corporation,"Guadalajara, Mexico",https://stackoverflow.com/jobs/536886
Security Engineer,Outschool,No office location,https://stackoverflow.com/jobs/566357
Software Engineer - Python - Kubernetes,Canonical,No office location,https://stackoverflow.com/jobs/566356
MariaDB Fully Remote Site Reliability Engineering Opportunity,MariaDBviaSource Coders,No office location,https://stackoverflow.com/jobs/566355
Data Engineer for Insurtech Startup,iptiQ by Swiss Re,"Hoofddorp, Netherlands",https://stackoverflow.com/jobs/471200
Software Engineering Manager,iptiQ by Swiss Re,"Hoofddorp, Netherlands",https://stackoverflow.com/jobs/472051
Backend Software Engineer for leading insurtech start-up,iptiQ by Swiss Re,"Hoofddorp, Netherlands",https://stackoverflow.com/jobs/472052
DevOps Engineer - 100% Remote,Disy Informationssysteme GmbH,"Karlsruhe, Deutschland",https://stackoverflow.com/jobs/383260
Senior DevOps Engineer,Self Decode,No office location,https://stackoverflow.com/jobs/566351
Senior Software Engineer - Launchpad,Canonical,No office location,https://stackoverflow.com/jobs/530389
Security Engineer - (Application Security/DevSecOps) (f/m/d),Delivery Hero SE,"Berlin, Germany",https://stackoverflow.com/jobs/565815
Research Scientist,"Edgestream Partners, L.P.","Princeton, NJ",https://stackoverflow.com/jobs/518607
"Principal Software Engineer, Data (Python & pandas) - London",Synthace Ltd.,"London, UK",https://stackoverflow.com/jobs/554536
Backend Software Engineer,Contovista,"Schlieren, Switzerland",https://stackoverflow.com/jobs/536774
"Softwarearchitekt Digitale Signalverarbeitung, Software Defined Radio (m/w/d)",Rheinmetall,"Bremen, Deutschland",https://stackoverflow.com/jobs/560043
Product Owner Smart O&M (H/F),ENGIE Digital,"Paris, France",https://stackoverflow.com/jobs/554454
"Data Engineer (Python, ETL)",Finsera,No office location,https://stackoverflow.com/jobs/536631
Field Software Engineer - APAC,Canonical,No office location,https://stackoverflow.com/jobs/512382
"Site Reliability Engineer, Americas",Canonical,No office location,https://stackoverflow.com/jobs/454608
R&D Full Stack Software Engineer (Experienced),Sandia National Laboratories,"Albuquerque, NM",https://stackoverflow.com/jobs/566344
DevOps Engineer - High Performance Computing (Mid-Career),Sandia National Laboratories,"Albuquerque, NM",https://stackoverflow.com/jobs/566341
Python-Entwickler (w/m/d),parcIT GmbH,"Köln, Germany",https://stackoverflow.com/jobs/566326
Security Engineer - APPSEC (f/m/x),PPRO,"München, Germany",https://stackoverflow.com/jobs/554399
Sr Cloud Engineer,RapDev.io,"Boston, MA",https://stackoverflow.com/jobs/565781
Automotive Security Engineer (m/w/d),Method Park,"Erlangen, Deutschland",https://stackoverflow.com/jobs/558406
Backend Engineer (Python/ Django),Sector Labs,"Dubai, United Arab Emirates",https://stackoverflow.com/jobs/518496
Senior Python/Django Full-stack Developer,Apicbase Belgium,No office location,https://stackoverflow.com/jobs/515716
Full Stack Engineer (React & Django),Sector Labs,"Cluj-Napoca, Romania",https://stackoverflow.com/jobs/518486
"Product Manager, Data & Analytics Solutions (Campus)",Azendian Solutions Pte. Ltd.,Singapore,https://stackoverflow.com/jobs/565767
Technical Support Engineer,Odoo,"San Francisco, CA",https://stackoverflow.com/jobs/558070
Full Stack Engineer,Odoo,"Buffalo, NY",https://stackoverflow.com/jobs/558069
Software Engineer @ Enveil,Enveil,"Fulton, MD",https://stackoverflow.com/jobs/166432
Deployment Engineer / Solutions Architect,Enveil,"Fulton, MD",https://stackoverflow.com/jobs/319752
Python Developer (Remote),Finsera,No office location,https://stackoverflow.com/jobs/524065
Software Engineer - MAAS,Canonical,No office location,https://stackoverflow.com/jobs/566318
"Senior IoT Developer (M/W/D/) Python, C++",VISPIRON CHARGE-V GmbH,"München, Deutschland",https://stackoverflow.com/jobs/524044
Deep Learning Engineer,SQUAD,"Kyiv, Ukraine",https://stackoverflow.com/jobs/518177
"Software Engineering, VP - New York, NY - Banking - Finance - JAVA - AWS - AZURE",MUFG,"New York, NY",https://stackoverflow.com/jobs/566312
"Report Automation Lead - Jersey City, NJ - Bachelors - Leadership",MUFG,"Jersey City, NJ",https://stackoverflow.com/jobs/566311
"Software Engineer Lead, Vice President - New York, NY - Banking - Financial",MUFG,"New York, NY",https://stackoverflow.com/jobs/566310
"Software Engineering, AVP - Hybrid, Charlotte, NC, CI/CD principle, Atlassian",MUFG,"Charlotte, NC",https://stackoverflow.com/jobs/566302
"Sr. Capacity and Performance Engineer - remote, financial services industry",MUFG,No office location,https://stackoverflow.com/jobs/566300
"CBT Infrastructure AVP, Tempe, AZ, AWS, Linux, project management, scripting",MUFG,"Tempe, AZ",https://stackoverflow.com/jobs/566299
"Insider Threat Engineer, Remote, Banking, Finance, Python, information security",MUFG,No office location,https://stackoverflow.com/jobs/566297
"Full-Stack Developer (JavaScript, Node.JS) - REMOTE",MUFG,No office location,https://stackoverflow.com/jobs/566296
Softwareentwickler C++ (m/w/d) Prüfstandsautomatisierung,APL Automobil-Prüftechnik Landau GmbH,"Landau in der Pfalz, Deutschland",https://stackoverflow.com/jobs/526623
"Full-Stack Developer, Research & Development",Houston Astros Baseball R&D,"Houston, TX",https://stackoverflow.com/jobs/536288
A 'jack-of-all-trades' for an Agile team - Python Dev/ Tech Lead/ Scrum Master,Pentalog,"Hanoi, Vietnam",https://stackoverflow.com/jobs/554242
Lead Tech SEO Manager (d/f/m),Stylight,"München, Deutschland",https://stackoverflow.com/jobs/566291
Senior Software Engineer – Container Ecosystem,SUSE,No office location,https://stackoverflow.com/jobs/554241
Software Developer,SUSE,No office location,https://stackoverflow.com/jobs/558030
Data Engineer,Hubs,"Amsterdam, Netherlands",https://stackoverflow.com/jobs/558873
Backend Software Engineer - Python,Hubs,"Amsterdam, Netherlands",https://stackoverflow.com/jobs/543394
LEAD INSTRUCTOR - DATA SCIENCE [full time || part time],WBS Gruppe,No office location,https://stackoverflow.com/jobs/529936
"SENIOR FULL-STACK DEV WITH RUBY / PYTHON / REACT NATIVE -- 100% REMOTE, FLEXIBLE",Analytics Fire,No office location,https://stackoverflow.com/jobs/517987
"Backend Tech Lead, Customer Service Platform",ByteDance,Singapore,https://stackoverflow.com/jobs/553813
Devops Engineer - Infrastructure Engineering,ByteDance,Singapore,https://stackoverflow.com/jobs/553812
Site Reliability Engineer (Applied Machine Learning),ByteDance,Singapore,https://stackoverflow.com/jobs/553811
Site Reliability Engineer - Infrastructure Engineering,ByteDance,Singapore,https://stackoverflow.com/jobs/553810
Cloud Infrastructure Engineer,Relay42,"Amsterdam, Netherlands",https://stackoverflow.com/jobs/407421
Machine Learning Engineer,Relay42,"Amsterdam, Netherlands",https://stackoverflow.com/jobs/469169
Senior QA Engineer (m/f/d),Relayr,"Berlin, Germany",https://stackoverflow.com/jobs/561711
"VP, Software Engineering",Canonical,No office location,https://stackoverflow.com/jobs/553806
Senior Fullstack Engineer,AMBOSS,"Berlin, Germany",https://stackoverflow.com/jobs/557771
DevOps Engineer,Higher Logic,No office location,https://stackoverflow.com/jobs/566273
Senior Software Engineer for growing VC-backed UK startup (based in UK/Europe),Snowplow Analytics,No office location,https://stackoverflow.com/jobs/536083
Embedded Software Engineer,Sonova AG,"Stäfa, Schweiz",https://stackoverflow.com/jobs/566268
Lead Data Engineer (m/f/x),Scalable Capital GmbH,"München, Deutschland",https://stackoverflow.com/jobs/536037
NLP Developer,"Yaraku, Inc.",No office location,https://stackoverflow.com/jobs/286235
Software Engineer,Intel Corporation,"Hillsboro, OR",https://stackoverflow.com/jobs/530206
Software Engineer,Intel Corporation,"Hillsboro, OR",https://stackoverflow.com/jobs/530205
Network Software Engineer,Intel Corporation,"Austin, TX",https://stackoverflow.com/jobs/530203
Ethernet Technologies RDMA Software Applications Engineer,Intel Corporation,"Austin, TX",https://stackoverflow.com/jobs/530201
Ethernet Manageability Applications Engineer,Intel Corporation,"Austin, TX",https://stackoverflow.com/jobs/530200
Ethernet Technologies Software Applications Engineer - DPDK,Intel Corporation,"Hillsboro, OR",https://stackoverflow.com/jobs/530199
Software Engineer - Silicon Product Design,Intel Corporation,"Hillsboro, OR",https://stackoverflow.com/jobs/530198
Cloud Software Engineer,Intel Corporation,"Hillsboro, OR",https://stackoverflow.com/jobs/530195
Senior Cloud Software Services Architect,Intel Corporation,"Hillsboro, OR",https://stackoverflow.com/jobs/530190
Software Engineers,Lightmatter,No office location,https://stackoverflow.com/jobs/565756
Senior DevOps Engineer,The Orchard,"London, UK",https://stackoverflow.com/jobs/543315
Software Engineer,The Orchard,"London, UK",https://stackoverflow.com/jobs/543314
"Tech Lead, Machine Learning Evaluation",McD Tech Labs,"Mountain View, CA",https://stackoverflow.com/jobs/523812
"Staff Software Engineer, Applied AI",McD Tech Labs,"Mountain View, CA",https://stackoverflow.com/jobs/523807
Software Engineer in Test,McD Tech Labs,"Mountain View, CA",https://stackoverflow.com/jobs/523806
"Data Scientist, Machine Learning Evaluation",McD Tech Labs,"Mountain View, CA",https://stackoverflow.com/jobs/523805
"Tech Lead, Python Systems Engineering",McD Tech Labs,"Mountain View, CA",https://stackoverflow.com/jobs/523801
"Arista Networks is hiring Front End Engineer for Dublin office(JS, React+Redux)","Arista Networks, Inc","Dublin, Ireland",https://stackoverflow.com/jobs/482910
"Tech Lead, Data Infrastructure",McD Tech Labs,"Mountain View, CA",https://stackoverflow.com/jobs/523800
"Senior Software Engineer, Language",McD Tech Labs,"Mountain View, CA",https://stackoverflow.com/jobs/523798
Data Engineer,McD Tech Labs,"Mountain View, CA",https://stackoverflow.com/jobs/523793
Senior Backend Engineer,McD Tech Labs,"Mountain View, CA",https://stackoverflow.com/jobs/523791
Cloud Software Developer,Intel Corporation,"Guadalajara, Mexico",https://stackoverflow.com/jobs/557644
Full Stack Software Developer,Limelyte Technology Group,"Spokane, WA",https://stackoverflow.com/jobs/565751
"Go Software Engineer, Commercial Systems",Canonical,No office location,https://stackoverflow.com/jobs/561428
"Senior Data Engineer - Consult with great companies, technologies and solutions",Pinnacle Solutions Group,"Nashville, TN",https://stackoverflow.com/jobs/515696
Full Stack Engineer,Zattoo,"Berlin, Germany",https://stackoverflow.com/jobs/565749
Site Reliability Engineer,Zattoo,"Berlin, Germany",https://stackoverflow.com/jobs/565748
Senior Machine Learning/ Deep Learning Engineer (m/f/d),Motius GmbH,"München, Deutschland",https://stackoverflow.com/jobs/565744
Senior Software Engineer,Slimmer AI,"Groningen, Netherlands",https://stackoverflow.com/jobs/561547
Senior Data Engineer - Remote,Didomi,"Paris, France",https://stackoverflow.com/jobs/557607
*REMOTE* Lead (Senior) Kotlin & Java Engineer (m/f/x) High-Load Search-Engine,"AVANTGARDE - ""Creating Fans""",No office location,https://stackoverflow.com/jobs/529656
"3D Pipeline Engineer (Python, Blender)",Geomagical Labs,"Mountain View, CA",https://stackoverflow.com/jobs/565737
Senior Solutions Architect/Data Architect,Intel Corporation,"Hillsboro, OR",https://stackoverflow.com/jobs/530028
Senior Software Engineers,Lightmatter,No office location,https://stackoverflow.com/jobs/523002
Senior 3D Graphics Engineer,Geomagical Labs,"Mountain View, CA",https://stackoverflow.com/jobs/565733
Senior Full Stack Engineer,Sector Labs,"Cluj-Napoca, Romania",https://stackoverflow.com/jobs/517510
Senior Full Stack Engineer (Remote),Sector Labs,No office location,https://stackoverflow.com/jobs/517508
JR0178225 OpenIPC Senior Software Engineer,Intel Corporation,"Hillsboro, OR",https://stackoverflow.com/jobs/542196
"Junior IoT Developer (M/W/D) Python, C++",VISPIRON CHARGE-V GmbH,"München, Deutschland",https://stackoverflow.com/jobs/548810
Senior Front End developer,Apicbase Belgium,No office location,https://stackoverflow.com/jobs/526988
Cloud Native Senior Software Engineer,Intel Corporation,"Dublin, Ireland",https://stackoverflow.com/jobs/548771
Senior Data Engineer E-Commerce (m/w/d),Peek & Cloppenburg,"Düsseldorf, Germany",https://stackoverflow.com/jobs/565672
Python Engineer,Intel Corporation,"Gdańsk, Poland",https://stackoverflow.com/jobs/529943
Cloud Software Engineer,Intel Corporation,"Gdańsk, Poland",https://stackoverflow.com/jobs/529942
Software Architect Lead,WeLab Bank Limited,Hong Kong,https://stackoverflow.com/jobs/565713
Software Validation Engineer,Intel Corporation,"Gdańsk, Poland",https://stackoverflow.com/jobs/529939
Senior Backend Engineer,Singapore Innovate Pte. Ltd,Singapore,https://stackoverflow.com/jobs/561308
Site Reliability Engineer III,"Wikimedia Foundation, Inc.",No office location,https://stackoverflow.com/jobs/566260
Senior Site Reliability Engineer (ServiceOps),"Wikimedia Foundation, Inc.",No office location,https://stackoverflow.com/jobs/566259
DevOps Engineer,SignalWire,No office location,https://stackoverflow.com/jobs/561307
Senior DevOps Engineer,Tradeshift,"Bucharest, Romania",https://stackoverflow.com/jobs/526929
Senior Full-Stack Engineer with Node.js - Tradeshift Go,Tradeshift,"Bucharest, Romania",https://stackoverflow.com/jobs/526924
"Senior Java Engineer - Consult with great companies, technologies and solutions",Pinnacle Solutions Group,"Charlotte, NC",https://stackoverflow.com/jobs/197952
Analyste solution/ Chef de projet déploiement Smart O&M (H/F),ENGIE Digital,"Paris, France",https://stackoverflow.com/jobs/548602
Senior DevOps Platform Engineer,Blinks Labs GmbH,"Berlin, Germany",https://stackoverflow.com/jobs/565687
Backend Engineer - Tradeshift Engage,Tradeshift,"Aarhus, Denmark",https://stackoverflow.com/jobs/526909
(Junior) Data Engineer (m/f/x) onsite or remote (in Germany),Scalable Capital GmbH,"München, Deutschland",https://stackoverflow.com/jobs/516327
Senior Software Engineer - Cloud Engineering,Canonical,No office location,https://stackoverflow.com/jobs/535495
Softwareentwickler*in (m/w/x) (Vollzeit),Orendt Studios GmbH,"Hamburg, Deutschland",https://stackoverflow.com/jobs/565680
Senior DevOps Engineer (Cloud Solutions),Coda Payments,No office location,https://stackoverflow.com/jobs/565675
Software Engineer IoT (m/w/d),Stadtwerke München GmbH,"München, Deutschland",https://stackoverflow.com/jobs/516781
Staff Site Reliability Engineer (Traffic),"Wikimedia Foundation, Inc.",No office location,https://stackoverflow.com/jobs/566247
Senior DevOps Engineer - Data Operations,"Sailpoint Technologies, Inc.",No office location,https://stackoverflow.com/jobs/557351
Cloud Engineer,Olo,No office location,https://stackoverflow.com/jobs/516558
Business Intelligence Engineer (all genders),asgoodasnew electronics GmbH,"Berlin, Deutschland",https://stackoverflow.com/jobs/565661
Senior Data Engineer - Python Technologies,Capital Group,"Irvine, CA",https://stackoverflow.com/jobs/538626
C Embedded Engineer,SQUAD,"Kyiv, Ukraine",https://stackoverflow.com/jobs/516403
Senior Solutions Engineer - AWS,Capital Group,"Irvine, CA",https://stackoverflow.com/jobs/538629
Data Engineer,Capital Group,"Irvine, CA",https://stackoverflow.com/jobs/558026
Machine Learning Engineer,"Betterup, Inc.",No office location,https://stackoverflow.com/jobs/523562
Data Engineer,"Betterup, Inc.",No office location,https://stackoverflow.com/jobs/523557
Lead Full-Stack Software Engineer (Tech Lead) (f/m/d),HeidelbergCement AG,"Heidelberg, Deutschland",https://stackoverflow.com/jobs/557326
Django Engineer (human) for Germany's leading local marketing platform,RegioHelden GmbH,"Stuttgart, Germany",https://stackoverflow.com/jobs/565651
Data Engineer,Coda Payments,No office location,https://stackoverflow.com/jobs/557317
"Algorithm Engineer, Enterprise Partnership & Solutions",ByteDance,Singapore,https://stackoverflow.com/jobs/523517
Python Software Engineer - International growing scale-up!,Channable,"Utrecht, Netherlands",https://stackoverflow.com/jobs/265091
Back-End Software Engineer,HENNGE K.K.,"Tokyo, Japan",https://stackoverflow.com/jobs/380985
Front-End Software Engineer,HENNGE K.K.,"Tokyo, Japan",https://stackoverflow.com/jobs/381280
Full stack software engineer,Ailo,"Melbourne, Australia",https://stackoverflow.com/jobs/372382
Software Engineer,Reaktor,"Lisboa, Portugal",https://stackoverflow.com/jobs/553136
Full-Stack Junior Software Engineer,Automation Consultants,"Reading, UK",https://stackoverflow.com/jobs/516045
Systems Engineer,LMAX Group,"London, UK",https://stackoverflow.com/jobs/535022
Backend Software Engineer,Armored Things,"Boston, MA",https://stackoverflow.com/jobs/322319
LMAX Software Developer (Core Java),LMAX Group,"London, UK",https://stackoverflow.com/jobs/181651
Cloud Engineer Linux,team.blue NL B.V.,"Rotterdam, Netherlands",https://stackoverflow.com/jobs/523426
"Software Engineer, Speech & Audio",ByteDance,Singapore,https://stackoverflow.com/jobs/553106
"Site Reliability Engineer, Recommendation Architecture",ByteDance,Singapore,https://stackoverflow.com/jobs/553104
"Tech Lead Engineering Manager, Business Integrity",ByteDance,Singapore,https://stackoverflow.com/jobs/553100
"Full Stack Software Engineer, Business Integrity",ByteDance,Singapore,https://stackoverflow.com/jobs/553099
Senior Software Engineer,Linewize by Family Zone,"Abbotsford, Australia",https://stackoverflow.com/jobs/551649
"Backend Software Engineer, Business Integrity",ByteDance,Singapore,https://stackoverflow.com/jobs/553036
Lead Software Engineer in Test (Automation),Chaturbate,No office location,https://stackoverflow.com/jobs/566211
"Frontend Software Engineer, Business Integrity",ByteDance,Singapore,https://stackoverflow.com/jobs/553035
"Interview Engineer (Remote, United Kingdom)",Karat.com,No office location,https://stackoverflow.com/jobs/565630
"Interview Engineer (Remote, Mexico)",Karat.com,No office location,https://stackoverflow.com/jobs/565629
"Interview Engineer (Remote, Israel)",Karat.com,No office location,https://stackoverflow.com/jobs/565628
"Interview Engineer (Remote, Germany)",Karat.com,No office location,https://stackoverflow.com/jobs/565627
"Interview Engineer (Remote, Canada)",Karat.com,No office location,https://stackoverflow.com/jobs/565626
"Interview Engineer (Remote, Australia)",Karat.com,No office location,https://stackoverflow.com/jobs/565625
"Interview Engineer (Remote, South Africa)",Karat.com,No office location,https://stackoverflow.com/jobs/565624
"Software Engineer, Python&TypeScript",Chaturbate,No office location,https://stackoverflow.com/jobs/566212
Open Source Software Lead (Cloud Native),Intel Corporation,"Dublin, Ireland",https://stackoverflow.com/jobs/553034
Staff Site Reliability Engineer,McD Tech Labs,"Mountain View, CA",https://stackoverflow.com/jobs/534770
React Front End Developer,"Daupler, Inc.","Kansas City, MO",https://stackoverflow.com/jobs/523351
"Python Back End Developer (FastAPI, Django, Celery)","Daupler, Inc.","Kansas City, MO",https://stackoverflow.com/jobs/523350
Python Engineer,McD Tech Labs,"Mountain View, CA",https://stackoverflow.com/jobs/534766
"Senior Java Engineer - Consult with great companies, technologies and solutions",Pinnacle Solutions Group,"Nashville, TN",https://stackoverflow.com/jobs/196742
Python Software Engineer,Sav.com,"Chicago, IL",https://stackoverflow.com/jobs/515692
QA Tester,Self Decode,No office location,https://stackoverflow.com/jobs/561041
Node.js Developer (Remote),Soshace LLC,No office location,https://stackoverflow.com/jobs/566208
Mobile React Native Developer (Remote),Soshace LLC,No office location,https://stackoverflow.com/jobs/566209
Frontend React.js Developer (Remote),Soshace LLC,No office location,https://stackoverflow.com/jobs/566207
Software Engineer (Migration),Odoo,"San Francisco, CA",https://stackoverflow.com/jobs/472407
Software Engineer,Odoo,"Ciudad de México, Mexico",https://stackoverflow.com/jobs/472421
Full Stack Engineer,Odoo,"San Francisco, CA",https://stackoverflow.com/jobs/524056
Senior Machine Learning Engineer - OPEN TO REMOTE,The RealReal,"San Francisco, CA",https://stackoverflow.com/jobs/557022
Expert / Senior Principal Methodology Statistician (MSTAT),Choose Your Challenge - Data Careers at Boehringer Ingelheim,"Biberach, Germany",https://stackoverflow.com/jobs/566203
Python Web Application Developer (Entry or Mid Level),"Cipher Tech Solutions, Inc",No office location,https://stackoverflow.com/jobs/561032
Engineering Technical Recruiter,QuantCo,"Berlin, Deutschland",https://stackoverflow.com/jobs/553016
Frontend Engineer (m/w/d),QuantCo,"Karlsruhe, Deutschland",https://stackoverflow.com/jobs/553014
Consultant (m/w/d) - Digital Forensics/Cyber Forensics,Deloitte Deutschland,"Düsseldorf, Germany",https://stackoverflow.com/jobs/566199
Backend Developer with Cloud experience,Accenture Romania,No office location,https://stackoverflow.com/jobs/534721
Remote Fullstack Entwicklerin (m/w/d),Ambient,"Köln, Deutschland",https://stackoverflow.com/jobs/552969
DevOps Manager/Architect,Self Decode,No office location,https://stackoverflow.com/jobs/557000
Software Designer,Topic Embedded Systems B.V.,"Best, Netherlands",https://stackoverflow.com/jobs/566186
(Junior) Consultant (m/w/d) - IT Implementierungsspezialist / Global Employer Se,Deloitte Deutschland,"Düsseldorf, Deutschland",https://stackoverflow.com/jobs/556992
Cloud Platform Engineer (d/m/w) Data & Analytics,DEVK Versicherungen,"Köln, Deutschland",https://stackoverflow.com/jobs/526685
Senior Software Developer (Full Stack),Jewel Paymentech Pte Ltd,Singapore,https://stackoverflow.com/jobs/534474
"Senior Software Engineer, Python",Chaturbate,"San Francisco, CA",https://stackoverflow.com/jobs/566183
Senior Data Engineer (Fully Remote),Call Simulator,"Tallahassee, FL",https://stackoverflow.com/jobs/566182
Lead Software Development Engineer in Test (SDET) - #12 of Top-100 Marketplaces,StyleSeat,No office location,https://stackoverflow.com/jobs/561459
Field Software Engineer - EMEA,Canonical,No office location,https://stackoverflow.com/jobs/501791
Big Data DevOps Engineer,Ultra Tendency,No office location,https://stackoverflow.com/jobs/556898
Data Platform Architect,Octopus Energy,"London, UK",https://stackoverflow.com/jobs/541302
Software Engineer - Build the next generation of AI platform,Signal AI,"London, UK",https://stackoverflow.com/jobs/246027
Web Engineer,Signal AI,"London, UK",https://stackoverflow.com/jobs/273615
DevOps - System Admin (Remote),iubenda,"Milan, Italy",https://stackoverflow.com/jobs/566171
DevOps Lead,Which?,"London, UK",https://stackoverflow.com/jobs/556891
Senior SOC Engineer (Remote - Canada),Open Systems AG,"Vancouver, BC, Canada",https://stackoverflow.com/jobs/548058
Senior Security Engineer,Open Systems AG,"Noida, India",https://stackoverflow.com/jobs/548050
Senior SOC Engineer,Open Systems AG,"Zürich, Switzerland",https://stackoverflow.com/jobs/548049
(Senior) Backend Developer (f/m/d) Big Data,ADITION technologies AG,"Freiburg im Breisgau, Deutschland",https://stackoverflow.com/jobs/304655
Python Entwickler*in Remote (f/m/d),Ambient,"Köln, Deutschland",https://stackoverflow.com/jobs/493874
Python Developer (Remote),X-Team,No office location,https://stackoverflow.com/jobs/534454
Data Engineer (Remote),X-Team,No office location,https://stackoverflow.com/jobs/534443
Lead AI Engineer,Singapore Innovate Pte. Ltd,Singapore,https://stackoverflow.com/jobs/560743
DevSecOps Consultant,Ensign InfoSecurity (Cybersecurity) Pte Ltd,Singapore,https://stackoverflow.com/jobs/534274
Staff Software Engineer,BillionToOne,"Menlo Park, CA",https://stackoverflow.com/jobs/565619
System Architect,Tucows,No office location,https://stackoverflow.com/jobs/560728
Build/Release Engineer,Tausight,No office location,https://stackoverflow.com/jobs/556779
Senior Software Engineer (Risk Management),tastyworks,"Chicago, IL",https://stackoverflow.com/jobs/556772
Software Engineer - Docker Images & Community,Canonical,No office location,https://stackoverflow.com/jobs/534266
System Engineer (f/m/d) Kubernetes,ADITION technologies AG,"Freiburg im Breisgau, Deutschland",https://stackoverflow.com/jobs/525462
Data Center Engineer (Greater Boston Area),Canonical,"Boston, MA",https://stackoverflow.com/jobs/556753
Senior Software Engineer,Administrate,No office location,https://stackoverflow.com/jobs/522941
Senior Software Engineer,Administrate,No office location,https://stackoverflow.com/jobs/522940
Senior Software Engineer,Administrate,"Edinburgh, UK",https://stackoverflow.com/jobs/522939
"Site Reliability Engineer, Video Infrastructure",ByteDance,Singapore,https://stackoverflow.com/jobs/547753
"Backend Software Engineer, Video Infrastructure",ByteDance,Singapore,https://stackoverflow.com/jobs/547751
Senior DevOps Engineer Consultant |  Full-time or Contract | Remote,Copado Strategic Services,No office location,https://stackoverflow.com/jobs/517961
Solutions Architect | Senior Consultant | DevOps | Remote,Copado Strategic Services,No office location,https://stackoverflow.com/jobs/517847
"Senior Support & Software Engineer, NY Metro Area (AMERICAS)",Canonical,No office location,https://stackoverflow.com/jobs/534711
"Senior Support & Software Engineer, Tokyo (Remote)",Canonical,No office location,https://stackoverflow.com/jobs/534042
"Cloud Operations Engineer, APAC",Canonical,No office location,https://stackoverflow.com/jobs/526213
Embedded Software Development Engineer,Baker Hughes,"Groby, UK",https://stackoverflow.com/jobs/560598
Backend Developer,Octopus Energy,"London, UK",https://stackoverflow.com/jobs/197943
Senior Software Development Engineer in Test (SDET),Creative Assembly,"Horsham, UK",https://stackoverflow.com/jobs/513451
Werkstudent Software Engineering Data & ML (m/w/d),QuantCo,"Karlsruhe, Deutschland",https://stackoverflow.com/jobs/328986
Data Scientist (m/w/d) mit Schwerpunkt mathematische Modellierung,NETZSCH Process Intelligence GmbH,"Selb, Deutschland",https://stackoverflow.com/jobs/565605
Fullstack Software Engineer (m/w/d),NETZSCH Process Intelligence GmbH,"Selb, Deutschland",https://stackoverflow.com/jobs/565604
Data Scientist (m/w/d),NETZSCH Process Intelligence GmbH,"Selb, Deutschland",https://stackoverflow.com/jobs/565602
Data Analytics Strategist – HConnect (f/m/d),HeidelbergCement AG,"Heidelberg, Deutschland",https://stackoverflow.com/jobs/546689
Software Engineer,Slimmer AI,"Amsterdam, Netherlands",https://stackoverflow.com/jobs/552562
"Backend Tech Lead, Customer Service Platform",ByteDance,Singapore,https://stackoverflow.com/jobs/546681
Senior IIoT Software Architect (m/f/d),Wiferion GmbH,"Freiburg im Breisgau, Deutschland",https://stackoverflow.com/jobs/565598
Site Reliability Engineer - Terraform,SpotMe,No office location,https://stackoverflow.com/jobs/308372
Operations Engineer / Linux Administrator (m/f/d),AnyDesk Software GmbH,"Stuttgart, Deutschland",https://stackoverflow.com/jobs/565597
Test Process and Module Engineer (Platform),Intel Corporation,"George Town, Malaysia",https://stackoverflow.com/jobs/552555
Software Integration AI Engineer,Intel Corporation,"George Town, Malaysia",https://stackoverflow.com/jobs/552554
Ecosystems Software Engineer,Intel Corporation,"George Town, Malaysia",https://stackoverflow.com/jobs/552553
Software Engineer,Intel Corporation,"Shanghai, China",https://stackoverflow.com/jobs/540589
Sr. Data Engineer - #12 of Top-100 Marketplaces,StyleSeat,No office location,https://stackoverflow.com/jobs/525037
Senior iOS engineer - ux + video,SmileDirectClub,No office location,https://stackoverflow.com/jobs/546573
Senior .Net Engineer,Pinnacle Solutions Group,"Charlotte, NC",https://stackoverflow.com/jobs/546564
Senior Full Stack Engineer,Versatile Natures,"Tel Aviv-Yafo, Israel",https://stackoverflow.com/jobs/513775
"Senior Data Engineer, People Analytics (f/m/d)",Delivery Hero SE,"Berlin, Germany",https://stackoverflow.com/jobs/566147
Senior Data Engineer,Supermetrics Oy,"Helsinki, Finland",https://stackoverflow.com/jobs/546539
Linux Developer Experience Lead,Canonical,No office location,https://stackoverflow.com/jobs/565542
Java Software Engineer,IMC Trading,"Amsterdam, Netherlands",https://stackoverflow.com/jobs/122570
C++ Software Engineer - Amsterdam,IMC Trading,"Amsterdam, Netherlands",https://stackoverflow.com/jobs/126614
"Mathematiker, Physiker, Ing. Luft- und Raumfahrttech., Maschinenbau o.ä. (w/m/d)",Deutsches Zentrum für Luft- und Raumfahrt e. V. (DLR),"Göttingen, Deutschland",https://stackoverflow.com/jobs/566144
Software Test Automation Specialist (m/w/x),ZEISS Group,"München, Deutschland",https://stackoverflow.com/jobs/541069
Junior Software Engineer im Firmenübergreifenden Trainee-Programm (100%),M&F Engineering AG,"Weiningen, Schweiz",https://stackoverflow.com/jobs/233263
Backend Engineer - Remote/On-Site,eLearning Industry,"Athens, Greece",https://stackoverflow.com/jobs/566140
"Backend Software Engineer, Customer Service Platform",ByteDance,Singapore,https://stackoverflow.com/jobs/529048
Site Reliability Engineer,Flow Traders,"Amsterdam, Netherlands",https://stackoverflow.com/jobs/381007
Build Engineer - New Sci-Fi FPS IP,Creative Assembly,"Horsham, UK",https://stackoverflow.com/jobs/566137
Software Engineer (Python Data Stack) (m/f/d),QuantCo,"Karlsruhe, Germany",https://stackoverflow.com/jobs/349976
Software Engineer (Backend) (m/f/d),QuantCo,"Berlin, Germany",https://stackoverflow.com/jobs/409511
"Tech Lead Engineering Manager, Trust and Safety Engineering",ByteDance,Singapore,https://stackoverflow.com/jobs/546397
Backend Software Engineer - Trust and Safety Engineering,ByteDance,Singapore,https://stackoverflow.com/jobs/546396
Senior ML Engineer,Amaris.AI,Singapore,https://stackoverflow.com/jobs/533811
Senior Infra and DevSecOps Engineer,Amaris.AI,Singapore,https://stackoverflow.com/jobs/533810
Senior DevOps Engineer,Higher Logic,"Arlington, VA",https://stackoverflow.com/jobs/529128
Senior Information Security Analyst- 1 year Contract - Remote,Tucows,No office location,https://stackoverflow.com/jobs/522324
Manager - Data Reliability Engineer,McDonald's Corporation,"Chicago, IL",https://stackoverflow.com/jobs/556557
Senior DevOps Engineer,Zenjob,"Berlin, Germany",https://stackoverflow.com/jobs/552356
"Data Architect, Data Platform",Flyr Inc,"Los Angeles, CA",https://stackoverflow.com/jobs/529117
DevOps Engineer,Flyr Inc,No office location,https://stackoverflow.com/jobs/522896
"Informatiker/in, Ingenieur/in, Physiker/in, Mathematiker/in o. ä. (w/m/d)",Deutsches Zentrum für Luft- und Raumfahrt e. V. (DLR),"Darmstadt, Deutschland",https://stackoverflow.com/jobs/566125
Senior Developer,American Logistics,No office location,https://stackoverflow.com/jobs/522889
Senior Solution Engineer (m/w/d) - Cloud Azure Expert,Deloitte Deutschland,"Düsseldorf, Deutschland",https://stackoverflow.com/jobs/533755
Solution Engineer (m/w/d) - Cloud AWS,Deloitte Deutschland,"Düsseldorf, Deutschland",https://stackoverflow.com/jobs/533754
Solution Engineer (m/w/d) - Cloud Azure,Deloitte Deutschland,"Düsseldorf, Deutschland",https://stackoverflow.com/jobs/533750
(Senior) Frontend Engineer (m/w/d) - Trufa,Deloitte Deutschland,"Düsseldorf, Deutschland",https://stackoverflow.com/jobs/533749
Software Developer (künstliche Intelligenz) - für E-Commerce Agentur in Bremen,hmmh multimediahaus AG,No office location,https://stackoverflow.com/jobs/529059
DevOps Engineer with interesting scale up challenges,Channable,"Utrecht, Netherlands",https://stackoverflow.com/jobs/500253
Frontend Developer,Octopus Energy,"London, UK",https://stackoverflow.com/jobs/533659
Backend Developer - APIs Team,Octopus Energy,"London, UK",https://stackoverflow.com/jobs/533658
Data Scientist (d/m/w),DEVK Versicherungen,"Köln, Deutschland",https://stackoverflow.com/jobs/533653
Senior Software Engineer / Ruby or Elixir/ Remote,The RealReal,No office location,https://stackoverflow.com/jobs/522850
Python Developer,Risk Focus,No office location,https://stackoverflow.com/jobs/552173
Senior Go Lang Developer | Contractor | Remote,Copado Strategic Services,No office location,https://stackoverflow.com/jobs/552166
Sr. Full Stack Engineer- Python,AutoTrader,"Toronto, ON, Canada",https://stackoverflow.com/jobs/529021
Data Scientist,AutoTrader,"Toronto, ON, Canada",https://stackoverflow.com/jobs/529015
Software Developer,Academic Analytics,No office location,https://stackoverflow.com/jobs/566108
Data Analyst (Canada Remote),Fullscript,No office location,https://stackoverflow.com/jobs/566103
Full Stack Developer,Rakettitiede,"Helsinki, Finland",https://stackoverflow.com/jobs/522743
Software Engineer,SUSE,No office location,https://stackoverflow.com/jobs/514397
Full Stack Developer,BOTS by RevenYOU,"Haarlem, Netherlands",https://stackoverflow.com/jobs/533368
Python Data Engineer,Tech City Labs,"Reading, UK",https://stackoverflow.com/jobs/566099
"Python Software Engineer (Linux, Security)",diconium group,"Stuttgart, Deutschland",https://stackoverflow.com/jobs/556429
Senior Cloud Software Engineer,Intel Corporation,"Shanghai, China",https://stackoverflow.com/jobs/540182
Senior Backend Engineer,Leaf Logistics,No office location,https://stackoverflow.com/jobs/201671
Developer Advocate,Supermetrics Oy,"Helsinki, Finland",https://stackoverflow.com/jobs/566093
LEAD INSTRUCTOR - DATA SCIENCE,WBS Gruppe,No office location,https://stackoverflow.com/jobs/566091
Staff Machine Learning Engineer - REMOTE,The RealReal,"Remote, OR",https://stackoverflow.com/jobs/552039
Senior Data Engineer,Revance,"Pleasanton, CA",https://stackoverflow.com/jobs/525879
Site Reliability Engineering Manager,Canonical,No office location,https://stackoverflow.com/jobs/533163
Senior Software Engineer - Linux Engineering,Canonical,No office location,https://stackoverflow.com/jobs/540018
iOS Engineer,NOCD,"Chicago, IL",https://stackoverflow.com/jobs/512343
Experienced Backend Engineer - Java,"TheoremOne, LLC",No office location,https://stackoverflow.com/jobs/566085
Senior Cloud Infrastructure Engineer - OPEN TO REMOTE,The RealReal,"San Francisco, CA",https://stackoverflow.com/jobs/552029
Senior Full Stack Engineer,NOCD,"Chicago, IL",https://stackoverflow.com/jobs/512069
Senior Backend Engineer,Pollen,"London, UK",https://stackoverflow.com/jobs/522622
"Software Engineer (Product Infrastructure), TikTok e-Commerce",ByteDance,Singapore,https://stackoverflow.com/jobs/533135
Python Developer suchen Kollegen (m/w/d),solute GmbH,"Karlsruhe, Deutschland",https://stackoverflow.com/jobs/284443
"Testing Software Engineer, TikTok e-Commerce",ByteDance,Singapore,https://stackoverflow.com/jobs/533132
McCloud HPC Expert,DUG Technology,"West Perth, Australia",https://stackoverflow.com/jobs/396027
(Senior) Android Software Developer - Munich,Paradox Cat GmbH,"München, Deutschland",https://stackoverflow.com/jobs/181583
Head of Scientific Computing (m/f/div),Max Planck Institute for Neurobiology of Behavior – caesar,"Bonn, Deutschland",https://stackoverflow.com/jobs/566074
Senior Backend Developer (f/m/d),HOMELIKE INTERNET GmbH,"Köln, Deutschland",https://stackoverflow.com/jobs/522556
"Cloud Operations Engineer, Americas",Canonical,No office location,https://stackoverflow.com/jobs/522545
"Senior Software Engineer, Javascript",Versus Systems,No office location,https://stackoverflow.com/jobs/556182
Full-Stack Senior Developer,AudioValley,"Paris, France",https://stackoverflow.com/jobs/566062
(Senior) Java Software Engineer | Gdansk,Dynatrace,"Gdańsk, Poland",https://stackoverflow.com/jobs/560068
DevOps Cloud Engineer (Kubernetes) - Remote,IG Group,No office location,https://stackoverflow.com/jobs/532885
Full Stack Web Developer (m/w/d),solute GmbH,"Karlsruhe, Deutschland",https://stackoverflow.com/jobs/556141
DevOps Engineer (m/w/d),solute GmbH,"Karlsruhe, Deutschland",https://stackoverflow.com/jobs/556140
Azure BI Technical Architect,BigChange Ltd,No office location,https://stackoverflow.com/jobs/532866
Fullstack Developer (m/w/d),German Edge Cloud GmbH & Co. KG,"Limburg an der Lahn, Deutschland",https://stackoverflow.com/jobs/539736
System Engineer (m/w/d) Kubernetes/OpenShift,German Edge Cloud GmbH & Co. KG,"Limburg an der Lahn, Deutschland",https://stackoverflow.com/jobs/539732
Technical Specialist - System Services,Derivco.,"Umhlanga, South Africa",https://stackoverflow.com/jobs/528648
Intermediate Observability Engineer,Derivco.,"Umhlanga, South Africa",https://stackoverflow.com/jobs/528647
Fullstack Cloud Engineer (Python/React/AWS),Montash,No office location,https://stackoverflow.com/jobs/556128
Software Engineer - Backend (d/f/m),Stylight,"München, Deutschland",https://stackoverflow.com/jobs/566055
Software Engineer (Monitoring System) - Working in Japan,LINE Fukuoka,"Fukuoka, Japan",https://stackoverflow.com/jobs/273841
"Software-Entwickler / Developer (w/m/d) Java, Python, UiPath - Operation Support",Daimler Group Services Berlin,"Berlin, Deutschland",https://stackoverflow.com/jobs/566052
Associate Software Engineer-Sg2,"Vizient, Inc.","Chicago, IL 60606 (Loop area)+1 location",https://www.indeed.com/viewjob?jk=6a0e93f8bf1d502f
Junior Data Scientist Apprentice,IBM,"New York, NY 10001 (Chelsea area)",https://www.indeed.com/viewjob?jk=29591abb28f36331
Python Developer Anywhere,Santex Group,United States,https://www.indeed.com/viewjob?jk=040f2c487a3dd6d3
Python Software Engineering Teaching Assistant (Part-Time),Hackbright Academy,+2 locationsRemote,https://www.indeed.com/viewjob?jk=cc10e115d1ed386e
Jr Python Automation,Qcentrio,"Houston, TX",https://www.indeed.com/viewjob?jk=f4cea755eb179b6b
MACHINE LEARNING DATA SCIENTIST - PYTHON AND R,InspiHER Tech,Remote,https://www.indeed.com/viewjob?jk=10be5b703cba933a
Cybersecurity Apprentice,IBM,"Research Triangle Park, NC 27709",https://www.indeed.com/viewjob?jk=39f141f6bd6d7252
PYTHON DEVELOPER,Pythonwise,"Seattle, WA",https://www.indeed.com/viewjob?jk=1a20a1c56fb7df73
Software Engineering : Python Developer,"JPMorgan Chase Bank, N.A.","Wilmington, DE+123 locations",https://www.indeed.com/viewjob?jk=190fee06cfed4f0d
"Junior Technical Support (Python) (Europe, Remote)",INTEL 471,Remote,https://www.indeed.com/viewjob?jk=3c71c4a62fdf588c
Python Backend Engineer,Potato London Ltd,"San Francisco, CA",https://www.indeed.com/viewjob?jk=43a7c98bbd0875ed
Python Developer,JBS Custom Software Solutions,"Chadds Ford, PA 19317+1 location",https://www.indeed.com/viewjob?jk=c5a706c58ade33fb
Python Developer,Saraca Solutions,"Harrisburg, PA",https://www.indeed.com/viewjob?jk=7a7f0d6cdbec9856
"Data Engineer (Open to remote work, except the following loc...",Converse,"Remote in Boston, MA",https://www.indeed.com/viewjob?jk=f59aef6085566bb4
Software Developer – Entry Level,Grant Street Group,Remote,https://www.indeed.com/viewjob?jk=f61154b897635a15
Python Developer,Paktolus,Remote,https://www.indeed.com/viewjob?jk=df1cce3cc988f374
"Software Developer (Go, Python, C#, or Rust)","Chameleon Consulting Group, LLC",Remote+2 locations,https://www.indeed.com/viewjob?jk=0dafbc3291a4f4d9
"Trainee, Deloitte Cyber Career Accelerator Program",Deloitte,"Dallas, TX 75201 (Downtown area)+19 locations",https://www.indeed.com/viewjob?jk=07551e6a170a0e61
Python Developer,Go8IT,"Plainsboro, NJ",https://www.indeed.com/viewjob?jk=b25f5371291321ec
Software Engineers & Web Developers,1DocWay,"New York, NY",https://www.indeed.com/viewjob?jk=597b9830f39b5420
Python Developer,Nexient,Hybrid remote in United States+1 location,https://www.indeed.com/viewjob?jk=89bdb56d285b955b
Software Engineer (Python/C++),Columbus Technologies,"Pasadena, CA 91109+4 locations",https://www.indeed.com/viewjob?jk=dc62c05d157522ed
Risk Analyst,TikTok,"Austin, TX 78745+1 location",https://www.indeed.com/viewjob?jk=9c1bbd012d8d85cc
Junior Back End Engineer (Remote),SIRCLO,+2 locationsRemote,https://www.indeed.com/viewjob?jk=6c16aee1774ef627
AI engineer,Sticker Mule,Remote,https://www.indeed.com/viewjob?jk=ff5307e29c1967f0
Software Engineer Apprentice (Salesforce),IBM,"San Francisco, CA+18 locations",https://www.indeed.com/viewjob?jk=9ff781d70cc27436
Python/SQL Developer,IDM People,"Township of Hamilton, NJ 08619",https://www.indeed.com/viewjob?jk=967a405ee33c49d4
"Software Engineer, Server - Unannounced Survival Game",Blizzard Entertainment,"Irvine, CA 92618+13 locations",https://www.indeed.com/viewjob?jk=bd2e7c7aa290140a
Python Developer,Pinnacle Group Workplace Solutions Provider,"Houston, TX+4 locations",https://www.indeed.com/viewjob?jk=30c49947ed4e91e8
Enterprise Systems Analyst,County of Sonoma,"Hybrid remote in Santa Rosa, CA",https://www.indeed.com/viewjob?jk=8fb10af756d9feb9
Python Developer,Piper Companies,"Washington, DC+2 locations",https://www.indeed.com/viewjob?jk=623d9b1c65dfbbe9
Associate Solutions Architect – Early Career 2022 (US),"Amazon Web Services, Inc.","Seattle, WA+126 locations",https://www.indeed.com/viewjob?jk=3905541e1957ec4a
Python Developer :: 3 Months Contract to Hire :: Remote Role,Agama Solutions,"Remote in San Francisco, CA+1 location",https://www.indeed.com/viewjob?jk=f6a64372a5851eec
Geographer,Expedia Group,"Seattle, WA 98119 (Queen Anne area)+1 location",https://www.indeed.com/viewjob?jk=559fb4c2afa71ed7
Helpdesk Support Specialist (Temp to Hire),United States Fund for UNICEF,"New York, NY",https://www.indeed.com/viewjob?jk=9aef116076daf429
Junior software engineer,Agile Onboarding,North Carolina,https://www.indeed.com/viewjob?jk=5b47844c570e4c65
Python Developer,Fults & Associates,"Grapevine, TX",https://www.indeed.com/viewjob?jk=724d43dd753723a7
Associate Data Analyst,Verint Systems Inc.,Remote,https://www.indeed.com/viewjob?jk=44a0a808baae4c67
Python Developer,Haneke Design,"Tampa, FL",https://www.indeed.com/viewjob?jk=542b21736b6bca61
Python Developer,Financial Information Technologies LLC,"Tampa, FL 33607",https://www.indeed.com/viewjob?jk=1869997427ff9bfc
Junior Data Scientist,SmartAsset,Remote in New York State,https://www.indeed.com/viewjob?jk=c70cc850f2499b73
"Threat Analyst, Adult Nudity & Sexual Activity (ANSA)",TikTok,"Mountain View, CA 94041 (Old Mountain View area)",https://www.indeed.com/viewjob?jk=ea93db9c80d0046c
Software Engineer Apprentice,wepay,"Redwood City, CA 94063 (Downtown area)+1 location",https://www.indeed.com/viewjob?jk=4d532361313682c1
Data Science Associate (Remote),pulseData,"Remote in New York, NY+1 location",https://www.indeed.com/viewjob?jk=7e368dd898ab2967
Backend Engineer - Ride Experience (Python),Tier Mobility GmbH,+3 locationsRemote,https://www.indeed.com/viewjob?jk=c9a2cab17565ccb5
Python Developer,Charles Schwab,"Phoenix, AZ 85016 (Camelback East area)+1 location",https://www.indeed.com/viewjob?jk=1a75aac6687213ad
Fully Remote DevOps Engineer,Piper Companies,+8 locationsRemote,https://www.indeed.com/viewjob?jk=d67d9d0364b2e0d5
Python Developer,Highbrow-Tech,Remote+3 locations,https://www.indeed.com/viewjob?jk=cb7d5b960834efbf
H1B Processing For Niche IT Professionals,Globex Digital Solutions,United States,https://www.indeed.com/viewjob?jk=f241b596ddbff834
MongoDB Database Engineer (work from home),Cigna,"Temporarily Remote in St. Louis, MO",https://www.indeed.com/viewjob?jk=d65bb194a38fa679
Backend Engineer - Ride Experience (Python),Tier Mobility GmbH,+3 locationsRemote,https://www.indeed.com/viewjob?jk=c9a2cab17565ccb5
Python Developer,Stier Solutions,"Westlake Village, CA 91361",https://www.indeed.com/viewjob?jk=b2de55596c3a1f9e
Data /Software Engineers,Ars Quanta,"Seattle, WA",https://www.indeed.com/viewjob?jk=f91a8f3f47d8b66e
Application Developer (Python),Piper Companies,+1 locationRemote,https://www.indeed.com/viewjob?jk=949352014639409b
DATA ENGINEER - PYTHON,InspiHER Tech,Remote,https://www.indeed.com/viewjob?jk=3eb413ec2cc83e4c
"Python Software Engineer, DevOps",Apple,"San Diego, CA",https://www.indeed.com/viewjob?jk=6320c68e84735af9
Security Engineer - 2022 (United States),Amazon.com Services LLC,"Seattle, WA+126 locations",https://www.indeed.com/viewjob?jk=2a27ed93cc7c1e34
Atlassian Admin (Contract),Pinterest,Remote,https://www.indeed.com/viewjob?jk=4ed0b9f7adf6a40b
MongoDB Database Engineer (work from home),Cigna,"Temporarily Remote in St. Louis, MO",https://www.indeed.com/viewjob?jk=d65bb194a38fa679
Python or C++ Developer/Software Engineer,"JPMorgan Chase Bank, N.A.","Houston, TX+5 locations",https://www.indeed.com/viewjob?jk=ffbf0a2d113ed802
"UX Engineer, Front End, Early Career",Google,"San Francisco, CA+3 locations",https://www.indeed.com/viewjob?jk=bce1cc9db3680333
Junior Security Researcher,Github,Remote,https://www.indeed.com/viewjob?jk=2af7dc30cf4dcdb0
Ultifi Python Development Engineer,General Motors,United States+1 location,https://www.indeed.com/viewjob?jk=7e3fa2b8c22523f3
Python Developer,Infosys,+3 locationsRemote,https://www.indeed.com/viewjob?jk=4dc04c0df7e522bb
Junior Data Scientist,ClimateAI,"Remote in San Francisco Bay Area, CA",https://www.indeed.com/viewjob?jk=208e4a8da03909d7
Python Software Engineer - Finance,"JPMorgan Chase Bank, N.A.","Plano, TX+34 locations",https://www.indeed.com/viewjob?jk=19908f48cf894e1c
Software Developer,Booz Allen Hamilton,"Remote in Charleston, SC+42 locations",https://www.indeed.com/viewjob?jk=7dcbe3a071ed59a5
Python Developer,Jacobs,"Huntsville, AL 35802+2 locations",https://www.indeed.com/viewjob?jk=1b219a19195b84a4
Data Analyst,Remote Global,Remote in Texas,https://www.indeed.com/viewjob?jk=9b08d24daa9504c5
Associate CAD Equipment and Tooling Designer,BOEING,"Sylmar, CA+1 location",https://www.indeed.com/viewjob?jk=bd7d9df7b1936efc
Biomechanical Engineer,Boston Red Sox,Remote,https://www.indeed.com/viewjob?jk=eb77b0df8feab910
Python Software Engineer IV,Pacific Northwest National Laboratory,United States+1 location,https://www.indeed.com/viewjob?jk=1214b10499b7294a
Computer Vision Specialist,EPAM Systems,Georgia,https://www.indeed.com/viewjob?jk=5710dc4ad698d8f0
Research Scientist,Stanford University,"Stanford, CA+3 locations",https://www.indeed.com/viewjob?jk=e55d69c00ac725bc
Junior Programmer Analyst,Samford University,"Birmingham, AL 35229",https://www.indeed.com/viewjob?jk=8ff146c1312e051b
"Site Reliability Engineer, Digital Workplace",Spotify,"Remote in Berlin, OR+1 location",https://www.indeed.com/viewjob?jk=929b35dab74ecfea
Python Developer (100% Remote),Denken Solutions Inc,Remote,https://www.indeed.com/viewjob?jk=50247303a7c7f7c8
Analyst,Avalanche,Temporarily Remote,https://www.indeed.com/viewjob?jk=66002443ccbc5ef4
Entry Level DevOps Engineer: 2022,IBM,"Research Triangle Park, NC 27709",https://www.indeed.com/viewjob?jk=547c0d34d4d64307
Frontend Developer,GRANDMETRIC,"Remote in Lewes, DE",https://www.indeed.com/viewjob?jk=54ef719bf85bfcce
Data Analyst,"Remote Technology, Inc.",Remote in United States,https://www.indeed.com/viewjob?jk=c2274103d6118366
PYTHON DEVELOPER,Nextshift,"Raritan, NJ",https://www.indeed.com/viewjob?jk=1ad4e031a54894fe
Cyber Security Analyst Apprentice,IBM,West Virginia+6 locations,https://www.indeed.com/viewjob?jk=b0b3543dba39f794
Data Analyst,American Diabetes Association,United States,https://www.indeed.com/viewjob?jk=2b2cfbf3a12cca63
"Associate, YouTube",YouTube,"New York, NY",https://www.indeed.com/viewjob?jk=a19d5d6e71bffeee
Python Software Engineer,Morgan Stanley,"New York, NY+2 locations",https://www.indeed.com/viewjob?jk=42d5317ea7a5972d
Data Analyst - Remote,Cover,Remote,https://www.indeed.com/viewjob?jk=32333740c0e50018
Software Engineer (PHP/Python),Catchpoint,Remote,https://www.indeed.com/viewjob?jk=e06b448fecf5553d
Middleware Engineer,Mutual of Omaha,Remote,https://www.indeed.com/viewjob?jk=90e88b11d3a03f5b
Junior Engineer,wpromote,Remote,https://www.indeed.com/viewjob?jk=21ebe479a0b1ab2e
Network/Python Engineer,John Deere,"Hybrid remote in Moline, IL",https://www.indeed.com/viewjob?jk=84aa439cd1d0ee86
Junior Software Engineer,Alloy,"New York, NY",https://www.indeed.com/viewjob?jk=813829bb6c109643
Python Developer,Convazant,"Sunnyvale, CA",https://www.indeed.com/viewjob?jk=3bd86e0ab712b364
Jr. QA Analyst Trainee,SQA²,"Los Alamitos, CA",https://www.indeed.com/viewjob?jk=e4692123ef997d25
Quantum Researcher,National Security Agency,"Fort Meade, MD",https://www.indeed.com/viewjob?jk=2326589075de4c7e
Software Developer I - Python,Vertical Knowledge,"Chagrin Falls, OH",https://www.indeed.com/viewjob?jk=90a11aceb9737c14
Python Developer,InfoTrust,Remote in Ohio,https://www.indeed.com/viewjob?jk=8c1981e2ae281083
Python/SQL Data Analyst,Capgemini,"Bristol, CT+3 locations",https://www.indeed.com/viewjob?jk=6fcffe2a8090f4af
Software Engineer (Early Career),Apple,"Austin, TX+110 locations",https://www.indeed.com/viewjob?jk=3e7b4e76645d3efd
Business Intelligence Analyst,Adobe,"Lehi, UT 84043+1 location",https://www.indeed.com/viewjob?jk=dbf5d9d52c50e331
Ultifi Python Development Engineer,General Motors,United States+1 location,https://www.indeed.com/viewjob?jk=7e3fa2b8c22523f3
Python Software Engineer IV,Pacific Northwest National Laboratory,United States+1 location,https://www.indeed.com/viewjob?jk=1214b10499b7294a
Entry Level Data Analyst,FieldLevel,Remote in California,https://www.indeed.com/viewjob?jk=f7a086d756a6fb76
Business Intelligence Analyst,Adobe,"Lehi, UT 84043+1 location",https://www.indeed.com/viewjob?jk=dbf5d9d52c50e331
Data Stewards,General Motors,Remote,https://www.indeed.com/viewjob?jk=bf44c6bc0ce3d927
Mid-level Software Developer,Wexler Technical Solutions,Remote,https://www.indeed.com/viewjob?jk=f6b4ccf0f0883a78
Pyspark/Python Developer,TRA'BIAN ENTERPRISES,Temporarily Remote,https://www.indeed.com/viewjob?jk=2e3e5bc6bb0f298a
Software Engineer 1,Microsoft,"Atlanta, GA+30 locations",https://www.indeed.com/viewjob?jk=5734e8b59df38796
"Backend Software Engineer, Slack (Quip)",Slack,Remote,https://www.indeed.com/viewjob?jk=641b1a3f0d3a21bd
Python Developer,Convazant,"Sunnyvale, CA",https://www.indeed.com/viewjob?jk=3bd86e0ab712b364
Software Developer 1,University of Connecticut,"Storrs, CT 06269",https://www.indeed.com/viewjob?jk=824ebafc3c27d121
"Research Scientist, Fitbit",Fitbit,"San Francisco, CA 94105 (Financial District/South Beach area)+2 locations",https://www.indeed.com/viewjob?jk=72e832d2bfa4b176
Analyste/Spécialiste,Canadian National Railway,"Homewood, IL",https://www.indeed.com/viewjob?jk=dd6fa01d514b12e4
Quantum Researcher,National Security Agency,"Fort Meade, MD",https://www.indeed.com/viewjob?jk=2326589075de4c7e
Research Analyst: Summer 2022 Start Date,Resources for the Future (RFF),"Washington, DC 20036 (Downtown area)+1 location",https://www.indeed.com/viewjob?jk=2f6d642f0878ae6f
PYTHON LIBRARY DEVELOPERS [MACHINE LEARNING],Big Apple Information Systems,"White Plains, NY 10606",https://www.indeed.com/viewjob?jk=6269be3f9d6b811b
Python Developer,Capgemini,"Malvern, PA+8 locations",https://www.indeed.com/viewjob?jk=6fda4912e14a7df6
Data Analyst,Siemens Gamesa Renewable Energy,"Orlando, FL",https://www.indeed.com/viewjob?jk=229023e823a29fe3
Database Administrator,Intel,"Santa Clara, CA 95052",https://www.indeed.com/viewjob?jk=ae25b5ae0f3c1969
Python Developer,Novogradac & Company,"Austin, TX 78759 (Arboretum area)+5 locations",https://www.indeed.com/viewjob?jk=f0715d55090ff62b
Data Analyst,Voodoo,"Remote in Berlin, OR+1 location",https://www.indeed.com/viewjob?jk=eb3fa22299c70c0b
Python Flask Developer,Fujitsu,"Cambridge, MA",https://www.indeed.com/viewjob?jk=5aee10770bc6909c
Python Developer,Alertus,"Fort Lauderdale, FL 33315 (Fort Lauderdale-Hollywood International Airport area)+1 location",https://www.indeed.com/viewjob?jk=02fe256ae470100c
Data Analyst - Educational Innovation,Northeastern University,"Boston, MA+1 location",https://www.indeed.com/viewjob?jk=3450822110ebfe86
Python Developer,Snap IT Solutions,"Houston, TX 77099 (Alief area)",https://www.indeed.com/viewjob?jk=0e10fe734c597c75
Python Developer,Yakshna Solutions,"Herndon, VA 20170",https://www.indeed.com/viewjob?jk=ae023be656f9ac53
"College Associate - Technology, Fan Experience",Live Nation,"New York, NY",https://www.indeed.com/viewjob?jk=e842aeee42f390ef
PYTHON DEVELOPER,OC10,"Charlotte, NC 28202 (Downtown Charlotte area)",https://www.indeed.com/viewjob?jk=f26b8209c93fdd28
Data Analyst,Boulevard,Remote,https://www.indeed.com/viewjob?jk=c9a9a2e3f9d28cbb
Jr Python Developer,Moody's,"Charlotte, NC 28201 (Myers Park area)",https://www.indeed.com/viewjob?jk=9a19c6261d4fde13
AWS Cloud Computing Specialist + Apprentice,New Apprenticeship,"Remote in Raleigh, NC+3 locations",https://www.indeed.com/viewjob?jk=f8eb270c75032f92
"Systems Administrator, Chrome Labs",Google,"Hybrid remote in San Francisco, CA+7 locations",https://www.indeed.com/viewjob?jk=4a10737a25405ed9
AWS Python Developer,Dezign Concepts LLC,"McLean, VA 22102",https://www.indeed.com/viewjob?jk=165e2c5e539b6f9d
Database Administration Senior Advisor - PostgreSQL (work fr...,Cigna,"Remote in Hartford, CT+7 locations",https://www.indeed.com/viewjob?jk=8ba8827de760deb7
Data Engineer,Nashville Soccer Club,"Nashville, TN",https://www.indeed.com/viewjob?jk=f35b2cce60849b3e
Solaria Labs Software Development Co-op (July - December 202...,Liberty Mutual Insurance,"Boston, MA 02116 (South End area)",https://www.indeed.com/viewjob?jk=fd1f77370def471c
Associate Customer Engineer (ACE),Ambassador Labs,Remote,https://www.indeed.com/viewjob?jk=7405cad7443825cd
Python Developer,RFA Engineering,"Des Moines, IA 50309 (Downtown area)+2 locations",https://www.indeed.com/viewjob?jk=e810492dcb7c1399
Python/DataStage Developer,Intone Networks,+4 locationsRemote,https://www.indeed.com/viewjob?jk=d86566c6df1b2f56
"Data Scientist, Spotify For Artists",Spotify,"Remote in New York, NY+14 locations",https://www.indeed.com/viewjob?jk=a2c008533625ab9d
Junior DevOps Engineer,Code Willing,"New Orleans, LA+2 locations",https://www.indeed.com/viewjob?jk=6323d12778745687
Data Analyst,Samaritan Ministries International,+1 locationRemote,https://www.indeed.com/viewjob?jk=ac1e4574f44d3c47
Python Developer,Corbus,"West Carrollton City, OH 45449",https://www.indeed.com/viewjob?jk=af7d76b838e6edce
Data Scientist,Endress+Hauser Inc.,"Remote in Ann Arbor, MI+4 locations",https://www.indeed.com/viewjob?jk=262be5312bfb5498
"Author, Software Development (Python) - Remote",Pluralsight,Remote in Utah,https://www.indeed.com/viewjob?jk=04e4e85e93a52ec2
Cloud Automation Developer - Python / Ruby,Oracle,"Broomfield, CO 80021 (Interlocken area)+19 locations",https://www.indeed.com/viewjob?jk=19da4c6e30875134
Junior Security Analyst,DeepSurface Security,"Portland, OR",https://www.indeed.com/viewjob?jk=5f9da561afaec06f
Data Analyst,Orlando City SC,"Kissimmee, FL",https://www.indeed.com/viewjob?jk=de71d2fbb8ea079d
Matheson Fellow,Amherst College,"Amherst, MA",https://www.indeed.com/viewjob?jk=b9166cbd03551a18
"DreamWorks Technology - Systems Administrator, Operations",NBCUniversal,"Glendale, CA+2 locations",https://www.indeed.com/viewjob?jk=efe3312f2faea9ef
Airflow Python Developer,Six Feet Up Inc.,"Fishers, IN",https://www.indeed.com/viewjob?jk=6f2fc56612850e6a
Python Developer,Tektree,United States,https://www.indeed.com/viewjob?jk=1b988418c52befe0
Jr Portfolio Analyst,Advisor Business Solutions,"Irvine, CA",https://www.indeed.com/viewjob?jk=39cc770b685dafb2
Junior Security Analyst,DeepSurface Security,"Portland, OR",https://www.indeed.com/viewjob?jk=5f9da561afaec06f
Database Administration Senior Advisor - PostgreSQL (work fr...,Cigna,"Remote in Hartford, CT+7 locations",https://www.indeed.com/viewjob?jk=8ba8827de760deb7
Summer Quantitative Associate Program 2022,The Rock Creek Group,"Washington, DC 20036 (Downtown area)",https://www.indeed.com/viewjob?jk=869fdf8eb256af97
BIE I,Amazon.com Services LLC,"Seattle, WA",https://www.indeed.com/viewjob?jk=8a6812594f2311d9
"Data Scientist, Spotify For Artists",Spotify,"Remote in New York, NY+14 locations",https://www.indeed.com/viewjob?jk=a2c008533625ab9d
"Security Software Engineer, University Graduate 2022",TikTok,"Mountain View, CA 94041 (Old Mountain View area)+4 locations",https://www.indeed.com/viewjob?jk=402e3e36a16a344d
Python Developer,RFA Engineering,"Des Moines, IA 50309 (Downtown area)+2 locations",https://www.indeed.com/viewjob?jk=e810492dcb7c1399
Python Developer,Yakshna Solutions,"Herndon, VA 20170",https://www.indeed.com/viewjob?jk=ae023be656f9ac53
Database Engineer,Bold Penguin,Remote,https://www.indeed.com/viewjob?jk=4eec90f86e8dcc83
Junior Data Analyst,University of San Francisco,"San Francisco, CA 94117 (Lone Mountain/USF area)",https://www.indeed.com/viewjob?jk=3d0677d8c8e54f12
"Frontend Engineer, University Graduate - 2022 Start",TikTok,"San Francisco, CA+5 locations",https://www.indeed.com/viewjob?jk=5649d6ff6ae4a763
Data Scientist I,Amazon.com Services LLC,Remote+126 locations,https://www.indeed.com/viewjob?jk=7a902bc330e46821
Associate Customer Engineer (ACE),Ambassador Labs,Remote,https://www.indeed.com/viewjob?jk=7405cad7443825cd
Entry / Mid Level Python Developer,Rush Order,"Gilroy, CA 95020",https://www.indeed.com/viewjob?jk=819b16509e3abcc5
Junior Modeling Quant,OptionMetrics,"New York, NY",https://www.indeed.com/viewjob?jk=6af04533c30e435f
Data Analyst,Orlando City SC,"Kissimmee, FL",https://www.indeed.com/viewjob?jk=de71d2fbb8ea079d
Software Engineers,Data Sys IT,"Remote in Grapevine, TX",https://www.indeed.com/viewjob?jk=d6c1cb9bde3c5a0c
Matheson Fellow,Amherst College,"Amherst, MA",https://www.indeed.com/viewjob?jk=b9166cbd03551a18
"Staff Software Engineer, Routing",Booster Fuels,Remote+1 location,https://www.indeed.com/viewjob?jk=5dbbe491c19a6d62
Data Analyst,Teachable,Hybrid remote,https://www.indeed.com/viewjob?jk=2b24fb732192fdd5
Solaria Labs Software Development Co-op (July - December 202...,Liberty Mutual Insurance,"Boston, MA 02116 (South End area)",https://www.indeed.com/viewjob?jk=fd1f77370def471c
Data Analyst II,Microsoft,"Redmond, WA 98052 (Overlake area)+1 location",https://www.indeed.com/viewjob?jk=cefcefa239f69847
Data Acquisition Engineer,HealthVerity,+3 locationsRemote,https://www.indeed.com/viewjob?jk=da9054fbd22ada04
Data Center Technician,Google,"Moncks Corner, SC 29461",https://www.indeed.com/viewjob?jk=f691c82257044ed3
"Data Scientist, Operations Data Science",Google,"Hybrid remote in Mountain View, CA+6 locations",https://www.indeed.com/viewjob?jk=5df4f19a4abba7a9
Cloud Automation Developer - Python / Ruby,Oracle,"Broomfield, CO 80021 (Interlocken area)+19 locations",https://www.indeed.com/viewjob?jk=19da4c6e30875134
Next Gen Stats Analyst,National Football League,"Inglewood, CA 90301",https://www.indeed.com/viewjob?jk=d3680957c17c91fc
Junior Penetration Tester,GRANDMETRIC,"Hybrid remote in Lewes, DE",https://www.indeed.com/viewjob?jk=3d937ae79dbca833
HJ- python Developer,ACS Group,"Charlotte, NC 28277 (Ballantyne East area)+1 location",https://www.indeed.com/viewjob?jk=742519c8aa1eb0be
PhD Residency - Photonics Simulation Resident,Loon,"Mountain View, CA",https://www.indeed.com/viewjob?jk=8ac351f819ea5849
Junior Credit Analyst,Janus Henderson,"Hybrid remote in Denver, CO",https://www.indeed.com/viewjob?jk=1fa1ce5f865cc547
Python Engineer,Arcade,Remote,https://www.indeed.com/viewjob?jk=3148f210fbfb6522
RESEARCH ANALYST,NYC Careers,"Manhattan, NY",https://www.indeed.com/viewjob?jk=73f3e572d08539e8
Senior Engineer - Python,Avant,"Remote in Chicago, IL+2 locations",https://www.indeed.com/viewjob?jk=a809433b3b906605
"Network Engineer, Security",Google,"Hybrid remote in Sunnyvale, CA+1 location",https://www.indeed.com/viewjob?jk=1952a1def8146a6b
Python Engineer,Check Point Software Technologies Ltd.,"New York, NY",https://www.indeed.com/viewjob?jk=c2ca4723d8201f21
Data Engineer,Community Tech Alliance,Remote,https://www.indeed.com/viewjob?jk=d64593b00a1e6f46
Python Developer,Intellilink Technologies,"Princeton, NJ",https://www.indeed.com/viewjob?jk=accd4b9e2652cb0a
Python Developer,Sara Technologies,"San Diego, CA 92127",https://www.indeed.com/viewjob?jk=07cc59a85ae4d228
Python Developer,Equifax,"Atlanta, GA 30309 (Midtown area)+1 location",https://www.indeed.com/viewjob?jk=7f52d67e438870f1
Physical and Technical Security Officer,Central Intelligence Agency,"Washington, DC 20505 (Foggy Bottom area)",https://www.indeed.com/viewjob?jk=35f00093650c06b9
Data Scientist,Endress+Hauser Inc.,"Remote in Ann Arbor, MI+4 locations",https://www.indeed.com/viewjob?jk=262be5312bfb5498
Data Engineer - 100% Remote,Piper Companies,+7 locationsRemote,https://www.indeed.com/viewjob?jk=cf759146784b3fe4
Software Engineer I - Backend Services,Disney Streaming,"Seattle, WA 98104 (Downtown area)+13 locations",https://www.indeed.com/viewjob?jk=d3e6029759b9b54d
Junior Software Engineer,EMIDS,"Franklin, TN 37064 (McEwen area)",https://www.indeed.com/viewjob?jk=7631da235493340e
Data Integration Analyst,"Parks, Experiences and Products","Anaheim, CA",https://www.indeed.com/viewjob?jk=2c4c330957b57fb2
Python Developer,Accenture,United States+36 locations,https://www.indeed.com/viewjob?jk=5e0a4ea0bb5febe6
Bioinformaticist I,Harvard University,"Hybrid remote in Cambridge, MA+1 location",https://www.indeed.com/viewjob?jk=2ad8b1b3b24ef120
Post Doctoral Fellow-2,Howard University,"Washington, DC+1 location",https://www.indeed.com/viewjob?jk=cf0395e3687e8626
Trader,Fourthstone,"St. Louis, MO",https://www.indeed.com/viewjob?jk=383aae3edbfdb964
Junior Development Technologist,"JPMorgan Chase Bank, N.A.","Plano, TX+2 locations",https://www.indeed.com/viewjob?jk=2adf7c47a5db6b53
Python Developer,Sara Technologies,"San Diego, CA 92127",https://www.indeed.com/viewjob?jk=07cc59a85ae4d228
Junior Penetration Tester,GRANDMETRIC,"Hybrid remote in Lewes, DE",https://www.indeed.com/viewjob?jk=3d937ae79dbca833
Junior Software Engineer,EMIDS,"Franklin, TN 37064 (McEwen area)",https://www.indeed.com/viewjob?jk=7631da235493340e
Software Engineer I - Backend Services,Disney Streaming,"Seattle, WA 98104 (Downtown area)+13 locations",https://www.indeed.com/viewjob?jk=d3e6029759b9b54d
Python Developer,Value Info Tech,"Phoenix, AZ",https://www.indeed.com/viewjob?jk=2fa1acf7705f32ea
Test Engineer: Python Scripts,LOCKHEED MARTIN CORPORATION,"Sunnyvale, CA 94089 (Lakewood area)+2 locations",https://www.indeed.com/viewjob?jk=3b97b80f274f4b8a
Data Engineer,Community Tech Alliance,Remote,https://www.indeed.com/viewjob?jk=d64593b00a1e6f46
Fully Remote Data Scientist,Piper Companies,+1 locationRemote,https://www.indeed.com/viewjob?jk=663b37e9782c79b8
Junior C++ Developer - Multiple Openings,GTS,"New York, NY 10022 (Midtown area)",https://www.indeed.com/viewjob?jk=3508816294de00bb
Junior & Senior Python Developer,Palnar Transmedia,"Plano, TX",https://www.indeed.com/viewjob?jk=8d51f9f40ed6ca3a
Senior Python Developer,ShipHero,Remote,https://www.indeed.com/viewjob?jk=1ef36fc836615b49
Engineering Technician I,USC,"Los Angeles, CA",https://www.indeed.com/viewjob?jk=7085de5e4cee88fb
Principal Researcher,Microsoft,"Cambridge, MA+4 locations",https://www.indeed.com/viewjob?jk=ad83c278c0cd94d3
Software Developer 1 (2 Openings),Stanford University,"Stanford, CA+2 locations",https://www.indeed.com/viewjob?jk=3883f796a3d4cc1a
Software Engineer (Python),Sure,Remote,https://www.indeed.com/viewjob?jk=e8b9807be9d1933e
Data Engineer - 100% Remote,Piper Companies,+7 locationsRemote,https://www.indeed.com/viewjob?jk=cf759146784b3fe4
Developer Content Writer,Slack,"Denver, CO 80202 (Union Station area)",https://www.indeed.com/viewjob?jk=4f76bd8d2aa5b6ef
Data Engineer,Amazon.com Services LLC,Remote+126 locations,https://www.indeed.com/viewjob?jk=460cce461bec5669
Business Analyst (Entry-Level),Agama Solutions,"Sunnyvale, CA+4 locations",https://www.indeed.com/viewjob?jk=4d456575082f416c
Software Engineer (Remote),GapJumpers,"Remote in San Francisco, CA",https://www.indeed.com/viewjob?jk=baaa8a0c1f573f17
Python Developer,Firefly Aerospace,"Cedar Park, TX 78613",https://www.indeed.com/viewjob?jk=342a4f1b8f2ddda6
Jr. Software Engineer (Python),Columbus Technologies,"Pasadena, CA 91101 (Pasadena area)",https://www.indeed.com/viewjob?jk=a194c3c13dd077dc
Data Scientist,Foot Locker,United States,https://www.indeed.com/viewjob?jk=2d52b4b01860405b
Robotics Fellow - Summer 2022,Amazon.com Services LLC,"North Reading, MA 01864",https://www.indeed.com/viewjob?jk=5fe396481a6eeb45
Engineering Opportunities,RStudio,"Remote in Seattle, WA",https://www.indeed.com/viewjob?jk=f30a28ed7d8cf1fe
"Quantum Systems Engineer, Quantum AI",Google,"Santa Barbara, CA+3 locations",https://www.indeed.com/viewjob?jk=91238f217f80be59
Auto Moderation Strategy Operation Specialist - Arabic Speak...,TikTok,"San Francisco, CA",https://www.indeed.com/viewjob?jk=fb067973f90ed1bd
Full Stack Software Engineer (Python/React),"JPMorgan Chase Bank, N.A.","New York, NY+36 locations",https://www.indeed.com/viewjob?jk=580dd2cdc78743d2
Software Engineer,ANDURIL INDUSTRIES,"Costa Mesa, CA+5 locations",https://www.indeed.com/viewjob?jk=6a8c586ac5ab0288
Junior Quantitative Trader,Valkyrie Trading,"Chicago, IL 60605 (The Loop area)",https://www.indeed.com/viewjob?jk=e4a6d82186f52f1a
"Analyst, Baseball Research & Development",Tampa Bay Rays,"Saint Petersburg, FL 33705",https://www.indeed.com/viewjob?jk=5c59b18108df5c29
IT Developer I,AGCO,"Remote in Hesston, KS",https://www.indeed.com/viewjob?jk=123f14eb9fa1a144
Analytic Consultant (Optimization models),FICO,United States+2 locations,https://www.indeed.com/viewjob?jk=a1b0c6d77e113ea8
Python (Django/Flask) Developer,Trood,"New York, NY 10272 (Financial District area)+1 location",https://www.indeed.com/viewjob?jk=a5fe3ba2a2ecdbe2
Applied Sciences,Microsoft,"Redmond, WA 98052 (Overlake area)",https://www.indeed.com/viewjob?jk=f10080ed1ce0f478
Python Developer,Macquarie Group Limited,"Houston, TX 77002 (Downtown area)+1 location",https://www.indeed.com/viewjob?jk=4b1d02e7779257f6
Python Developer,Intellilink Technologies,"Princeton, NJ",https://www.indeed.com/viewjob?jk=accd4b9e2652cb0a
Junior Applications Programmer,Activision,"Austin, TX",https://www.indeed.com/viewjob?jk=6a7e71e86c32bca2
Python Developer,Accenture,United States+36 locations,https://www.indeed.com/viewjob?jk=5e0a4ea0bb5febe6
Fluid Dynamics Modeler,Compact Membrane Systems,"Hybrid remote in Wilmington, DE",https://www.indeed.com/viewjob?jk=162883442e5dfbba
Junior Automation PMO - Student position,IBM,Illinois,https://www.indeed.com/viewjob?jk=048d640bb72ad233
Part-Time Student-Product Engineering-Remote,John Deere,"Remote in Moline, IL+1 location",https://www.indeed.com/viewjob?jk=a661afefd19b31ac
Physical and Technical Security Officer,Central Intelligence Agency,"Washington, DC 20505 (Foggy Bottom area)",https://www.indeed.com/viewjob?jk=35f00093650c06b9
Data Scientist,BRP,"Plano, TX 75024",https://www.indeed.com/viewjob?jk=7a0a5c82a3951330
Python Developer (Fullstack),Konviere Corporation,"Leawood, KS",https://www.indeed.com/viewjob?jk=213ef23aef1e09fd
Backend Developer,GRANDMETRIC,"Remote in Lewes, DE",https://www.indeed.com/viewjob?jk=86e7798edfcbaef1
